date,medicine_name,quantity_sold
2024-01-01,Paracetamol,26
2024-01-01,Ibuprofen,9
2024-01-01,Amoxicillin,11
2024-01-01,Cetirizine,29
2024-01-01,Azithromycin,9
2024-01-01,Metformin,14
2024-01-01,Amlodipine,19
2024-01-01,Pantoprazole,17
2024-01-01,Loratadine,23
2024-01-01,Ciprofloxacin,11
2024-01-02,Paracetamol,23
2024-01-02,Ibuprofen,8
2024-01-02,Amoxicillin,10
2024-01-02,Cetirizine,19
2024-01-02,Azithromycin,4
2024-01-02,Metformin,13
2024-01-02,Amlodipine,11
2024-01-02,Pantoprazole,15
2024-01-02,Loratadine,22
2024-01-02,Ciprofloxacin,5
2024-01-03,Paracetamol,29
2024-01-03,Ibuprofen,9
2024-01-03,Amoxicillin,10
2024-01-03,Cetirizine,20
2024-01-03,Azithromycin,8
2024-01-03,Metformin,15
2024-01-03,Amlodipine,11
2024-01-03,Pantoprazole,16
2024-01-03,Loratadine,23
2024-01-03,Ciprofloxacin,9
2024-01-04,Paracetamol,23
2024-01-04,Ibuprofen,15
2024-01-04,Amoxicillin,9
2024-01-04,Cetirizine,21
2024-01-04,Azithromycin,12
2024-01-04,Metformin,11
2024-01-04,Amlodipine,15
2024-01-04,Pantoprazole,9
2024-01-04,Loratadine,21
2024-01-04,Ciprofloxacin,10
2024-01-05,Paracetamol,27
2024-01-05,Ibuprofen,10
2024-01-05,Amoxicillin,9
2024-01-05,Cetirizine,24
2024-01-05,Azithromycin,5
2024-01-05,Metformin,12
2024-01-05,Amlodipine,13
2024-01-05,Pantoprazole,18
2024-01-05,Loratadine,26
2024-01-05,Ciprofloxacin,4
2024-01-06,Paracetamol,25
2024-01-06,Ibuprofen,8
2024-01-06,Amoxicillin,7
2024-01-06,Cetirizine,26
2024-01-06,Azithromycin,13
2024-01-06,Metformin,17
2024-01-06,Amlodipine,12
2024-01-06,Pantoprazole,14
2024-01-06,Loratadine,25
2024-01-06,Ciprofloxacin,12
2024-01-07,Paracetamol,23
2024-01-07,Ibuprofen,9
2024-01-07,Amoxicillin,6
2024-01-07,Cetirizine,21
2024-01-07,Azithromycin,12
2024-01-07,Metformin,19
2024-01-07,Amlodipine,14
2024-01-07,Pantoprazole,18
2024-01-07,Loratadine,26
2024-01-07,Ciprofloxacin,8
2024-01-08,Paracetamol,26
2024-01-08,Ibuprofen,14
2024-01-08,Amoxicillin,9
2024-01-08,Cetirizine,29
2024-01-08,Azithromycin,2
2024-01-08,Metformin,17
2024-01-08,Amlodipine,15
2024-01-08,Pantoprazole,14
2024-01-08,Loratadine,25
2024-01-08,Ciprofloxacin,4
2024-01-09,Paracetamol,24
2024-01-09,Ibuprofen,11
2024-01-09,Amoxicillin,14
2024-01-09,Cetirizine,23
2024-01-09,Azithromycin,7
2024-01-09,Metformin,13
2024-01-09,Amlodipine,17
2024-01-09,Pantoprazole,15
2024-01-09,Loratadine,23
2024-01-09,Ciprofloxacin,11
2024-01-10,Paracetamol,25
2024-01-10,Ibuprofen,12
2024-01-10,Amoxicillin,7
2024-01-10,Cetirizine,24
2024-01-10,Azithromycin,8
2024-01-10,Metformin,10
2024-01-10,Amlodipine,15
2024-01-10,Pantoprazole,15
2024-01-10,Loratadine,25
2024-01-10,Ciprofloxacin,9
2024-01-11,Paracetamol,20
2024-01-11,Ibuprofen,8
2024-01-11,Amoxicillin,8
2024-01-11,Cetirizine,22
2024-01-11,Azithromycin,9
2024-01-11,Metformin,16
2024-01-11,Amlodipine,20
2024-01-11,Pantoprazole,15
2024-01-11,Loratadine,25
2024-01-11,Ciprofloxacin,9
2024-01-12,Paracetamol,19
2024-01-12,Ibuprofen,9
2024-01-12,Amoxicillin,10
2024-01-12,Cetirizine,32
2024-01-12,Azithromycin,9
2024-01-12,Metformin,15
2024-01-12,Amlodipine,14
2024-01-12,Pantoprazole,11
2024-01-12,Loratadine,28
2024-01-12,Ciprofloxacin,12
2024-01-13,Paracetamol,27
2024-01-13,Ibuprofen,7
2024-01-13,Amoxicillin,14
2024-01-13,Cetirizine,20
2024-01-13,Azithromycin,11
2024-01-13,Metformin,21
2024-01-13,Amlodipine,12
2024-01-13,Pantoprazole,13
2024-01-13,Loratadine,25
2024-01-13,Ciprofloxacin,8
2024-01-14,Paracetamol,20
2024-01-14,Ibuprofen,10
2024-01-14,Amoxicillin,6
2024-01-14,Cetirizine,26
2024-01-14,Azithromycin,7
2024-01-14,Metformin,19
2024-01-14,Amlodipine,12
2024-01-14,Pantoprazole,14
2024-01-14,Loratadine,27
2024-01-14,Ciprofloxacin,6
2024-01-15,Paracetamol,25
2024-01-15,Ibuprofen,13
2024-01-15,Amoxicillin,5
2024-01-15,Cetirizine,25
2024-01-15,Azithromycin,10
2024-01-15,Metformin,17
2024-01-15,Amlodipine,11
2024-01-15,Pantoprazole,11
2024-01-15,Loratadine,26
2024-01-15,Ciprofloxacin,10
2024-01-16,Paracetamol,25
2024-01-16,Ibuprofen,11
2024-01-16,Amoxicillin,7
2024-01-16,Cetirizine,25
2024-01-16,Azithromycin,10
2024-01-16,Metformin,12
2024-01-16,Amlodipine,20
2024-01-16,Pantoprazole,16
2024-01-16,Loratadine,21
2024-01-16,Ciprofloxacin,11
2024-01-17,Paracetamol,22
2024-01-17,Ibuprofen,12
2024-01-17,Amoxicillin,13
2024-01-17,Cetirizine,22
2024-01-17,Azithromycin,12
2024-01-17,Metformin,16
2024-01-17,Amlodipine,17
2024-01-17,Pantoprazole,20
2024-01-17,Loratadine,24
2024-01-17,Ciprofloxacin,7
2024-01-18,Paracetamol,22
2024-01-18,Ibuprofen,7
2024-01-18,Amoxicillin,9
2024-01-18,Cetirizine,26
2024-01-18,Azithromycin,10
2024-01-18,Metformin,17
2024-01-18,Amlodipine,15
2024-01-18,Pantoprazole,19
2024-01-18,Loratadine,24
2024-01-18,Ciprofloxacin,18
2024-01-19,Paracetamol,26
2024-01-19,Ibuprofen,7
2024-01-19,Amoxicillin,6
2024-01-19,Cetirizine,26
2024-01-19,Azithromycin,9
2024-01-19,Metformin,17
2024-01-19,Amlodipine,16
2024-01-19,Pantoprazole,14
2024-01-19,Loratadine,22
2024-01-19,Ciprofloxacin,5
2024-01-20,Paracetamol,23
2024-01-20,Ibuprofen,12
2024-01-20,Amoxicillin,10
2024-01-20,Cetirizine,21
2024-01-20,Azithromycin,10
2024-01-20,Metformin,16
2024-01-20,Amlodipine,12
2024-01-20,Pantoprazole,15
2024-01-20,Loratadine,25
2024-01-20,Ciprofloxacin,6
2024-01-21,Paracetamol,26
2024-01-21,Ibuprofen,11
2024-01-21,Amoxicillin,13
2024-01-21,Cetirizine,28
2024-01-21,Azithromycin,5
2024-01-21,Metformin,12
2024-01-21,Amlodipine,16
2024-01-21,Pantoprazole,16
2024-01-21,Loratadine,26
2024-01-21,Ciprofloxacin,21
2024-01-22,Paracetamol,26
2024-01-22,Ibuprofen,13
2024-01-22,Amoxicillin,12
2024-01-22,Cetirizine,26
2024-01-22,Azithromycin,9
2024-01-22,Metformin,17
2024-01-22,Amlodipine,12
2024-01-22,Pantoprazole,14
2024-01-22,Loratadine,23
2024-01-22,Ciprofloxacin,10
2024-01-23,Paracetamol,31
2024-01-23,Ibuprofen,4
2024-01-23,Amoxicillin,12
2024-01-23,Cetirizine,20
2024-01-23,Azithromycin,8
2024-01-23,Metformin,18
2024-01-23,Amlodipine,15
2024-01-23,Pantoprazole,11
2024-01-23,Loratadine,22
2024-01-23,Ciprofloxacin,12
2024-01-24,Paracetamol,22
2024-01-24,Ibuprofen,10
2024-01-24,Amoxicillin,10
2024-01-24,Cetirizine,23
2024-01-24,Azithromycin,16
2024-01-24,Metformin,16
2024-01-24,Amlodipine,8
2024-01-24,Pantoprazole,15
2024-01-24,Loratadine,23
2024-01-24,Ciprofloxacin,12
2024-01-25,Paracetamol,22
2024-01-25,Ibuprofen,9
2024-01-25,Amoxicillin,11
2024-01-25,Cetirizine,27
2024-01-25,Azithromycin,6
2024-01-25,Metformin,13
2024-01-25,Amlodipine,13
2024-01-25,Pantoprazole,13
2024-01-25,Loratadine,30
2024-01-25,Ciprofloxacin,11
2024-01-26,Paracetamol,21
2024-01-26,Ibuprofen,12
2024-01-26,Amoxicillin,16
2024-01-26,Cetirizine,28
2024-01-26,Azithromycin,5
2024-01-26,Metformin,13
2024-01-26,Amlodipine,18
2024-01-26,Pantoprazole,12
2024-01-26,Loratadine,26
2024-01-26,Ciprofloxacin,12
2024-01-27,Paracetamol,22
2024-01-27,Ibuprofen,9
2024-01-27,Amoxicillin,0
2024-01-27,Cetirizine,21
2024-01-27,Azithromycin,9
2024-01-27,Metformin,11
2024-01-27,Amlodipine,19
2024-01-27,Pantoprazole,10
2024-01-27,Loratadine,23
2024-01-27,Ciprofloxacin,10
2024-01-28,Paracetamol,29
2024-01-28,Ibuprofen,5
2024-01-28,Amoxicillin,13
2024-01-28,Cetirizine,25
2024-01-28,Azithromycin,7
2024-01-28,Metformin,16
2024-01-28,Amlodipine,15
2024-01-28,Pantoprazole,13
2024-01-28,Loratadine,25
2024-01-28,Ciprofloxacin,8
2024-01-29,Paracetamol,25
2024-01-29,Ibuprofen,11
2024-01-29,Amoxicillin,14
2024-01-29,Cetirizine,21
2024-01-29,Azithromycin,16
2024-01-29,Metformin,9
2024-01-29,Amlodipine,14
2024-01-29,Pantoprazole,16
2024-01-29,Loratadine,25
2024-01-29,Ciprofloxacin,8
2024-01-30,Paracetamol,24
2024-01-30,Ibuprofen,8
2024-01-30,Amoxicillin,8
2024-01-30,Cetirizine,27
2024-01-30,Azithromycin,11
2024-01-30,Metformin,12
2024-01-30,Amlodipine,17
2024-01-30,Pantoprazole,15
2024-01-30,Loratadine,27
2024-01-30,Ciprofloxacin,11
2024-01-31,Paracetamol,22
2024-01-31,Ibuprofen,8
2024-01-31,Amoxicillin,12
2024-01-31,Cetirizine,26
2024-01-31,Azithromycin,9
2024-01-31,Metformin,15
2024-01-31,Amlodipine,18
2024-01-31,Pantoprazole,13
2024-01-31,Loratadine,26
2024-01-31,Ciprofloxacin,9
2024-02-01,Paracetamol,24
2024-02-01,Ibuprofen,13
2024-02-01,Amoxicillin,12
2024-02-01,Cetirizine,27
2024-02-01,Azithromycin,13
2024-02-01,Metformin,15
2024-02-01,Amlodipine,17
2024-02-01,Pantoprazole,14
2024-02-01,Loratadine,25
2024-02-01,Ciprofloxacin,9
2024-02-02,Paracetamol,25
2024-02-02,Ibuprofen,11
2024-02-02,Amoxicillin,7
2024-02-02,Cetirizine,31
2024-02-02,Azithromycin,6
2024-02-02,Metformin,11
2024-02-02,Amlodipine,18
2024-02-02,Pantoprazole,17
2024-02-02,Loratadine,26
2024-02-02,Ciprofloxacin,11
2024-02-03,Paracetamol,24
2024-02-03,Ibuprofen,7
2024-02-03,Amoxicillin,10
2024-02-03,Cetirizine,22
2024-02-03,Azithromycin,12
2024-02-03,Metformin,14
2024-02-03,Amlodipine,12
2024-02-03,Pantoprazole,14
2024-02-03,Loratadine,26
2024-02-03,Ciprofloxacin,8
2024-02-04,Paracetamol,22
2024-02-04,Ibuprofen,10
2024-02-04,Amoxicillin,10
2024-02-04,Cetirizine,23
2024-02-04,Azithromycin,8
2024-02-04,Metformin,15
2024-02-04,Amlodipine,10
2024-02-04,Pantoprazole,10
2024-02-04,Loratadine,22
2024-02-04,Ciprofloxacin,9
2024-02-05,Paracetamol,25
2024-02-05,Ibuprofen,14
2024-02-05,Amoxicillin,12
2024-02-05,Cetirizine,24
2024-02-05,Azithromycin,9
2024-02-05,Metformin,11
2024-02-05,Amlodipine,14
2024-02-05,Pantoprazole,14
2024-02-05,Loratadine,25
2024-02-05,Ciprofloxacin,7
2024-02-06,Paracetamol,26
2024-02-06,Ibuprofen,14
2024-02-06,Amoxicillin,9
2024-02-06,Cetirizine,26
2024-02-06,Azithromycin,12
2024-02-06,Metformin,13
2024-02-06,Amlodipine,15
2024-02-06,Pantoprazole,15
2024-02-06,Loratadine,25
2024-02-06,Ciprofloxacin,7
2024-02-07,Paracetamol,25
2024-02-07,Ibuprofen,11
2024-02-07,Amoxicillin,14
2024-02-07,Cetirizine,27
2024-02-07,Azithromycin,16
2024-02-07,Metformin,12
2024-02-07,Amlodipine,17
2024-02-07,Pantoprazole,15
2024-02-07,Loratadine,31
2024-02-07,Ciprofloxacin,7
2024-02-08,Paracetamol,22
2024-02-08,Ibuprofen,8
2024-02-08,Amoxicillin,3
2024-02-08,Cetirizine,23
2024-02-08,Azithromycin,7
2024-02-08,Metformin,15
2024-02-08,Amlodipine,16
2024-02-08,Pantoprazole,20
2024-02-08,Loratadine,27
2024-02-08,Ciprofloxacin,8
2024-02-09,Paracetamol,22
2024-02-09,Ibuprofen,11
2024-02-09,Amoxicillin,6
2024-02-09,Cetirizine,30
2024-02-09,Azithromycin,13
2024-02-09,Metformin,13
2024-02-09,Amlodipine,9
2024-02-09,Pantoprazole,19
2024-02-09,Loratadine,24
2024-02-09,Ciprofloxacin,13
2024-02-10,Paracetamol,20
2024-02-10,Ibuprofen,8
2024-02-10,Amoxicillin,10
2024-02-10,Cetirizine,25
2024-02-10,Azithromycin,8
2024-02-10,Metformin,16
2024-02-10,Amlodipine,11
2024-02-10,Pantoprazole,14
2024-02-10,Loratadine,25
2024-02-10,Ciprofloxacin,11
2024-02-11,Paracetamol,27
2024-02-11,Ibuprofen,6
2024-02-11,Amoxicillin,5
2024-02-11,Cetirizine,28
2024-02-11,Azithromycin,10
2024-02-11,Metformin,12
2024-02-11,Amlodipine,19
2024-02-11,Pantoprazole,15
2024-02-11,Loratadine,28
2024-02-11,Ciprofloxacin,10
2024-02-12,Paracetamol,31
2024-02-12,Ibuprofen,15
2024-02-12,Amoxicillin,9
2024-02-12,Cetirizine,27
2024-02-12,Azithromycin,11
2024-02-12,Metformin,19
2024-02-12,Amlodipine,12
2024-02-12,Pantoprazole,17
2024-02-12,Loratadine,28
2024-02-12,Ciprofloxacin,4
2024-02-13,Paracetamol,21
2024-02-13,Ibuprofen,3
2024-02-13,Amoxicillin,9
2024-02-13,Cetirizine,27
2024-02-13,Azithromycin,14
2024-02-13,Metformin,15
2024-02-13,Amlodipine,19
2024-02-13,Pantoprazole,10
2024-02-13,Loratadine,19
2024-02-13,Ciprofloxacin,9
2024-02-14,Paracetamol,26
2024-02-14,Ibuprofen,9
2024-02-14,Amoxicillin,3
2024-02-14,Cetirizine,24
2024-02-14,Azithromycin,6
2024-02-14,Metformin,17
2024-02-14,Amlodipine,16
2024-02-14,Pantoprazole,12
2024-02-14,Loratadine,23
2024-02-14,Ciprofloxacin,6
2024-02-15,Paracetamol,24
2024-02-15,Ibuprofen,12
2024-02-15,Amoxicillin,7
2024-02-15,Cetirizine,26
2024-02-15,Azithromycin,8
2024-02-15,Metformin,12
2024-02-15,Amlodipine,14
2024-02-15,Pantoprazole,11
2024-02-15,Loratadine,23
2024-02-15,Ciprofloxacin,6
2024-02-16,Paracetamol,30
2024-02-16,Ibuprofen,10
2024-02-16,Amoxicillin,7
2024-02-16,Cetirizine,25
2024-02-16,Azithromycin,9
2024-02-16,Metformin,14
2024-02-16,Amlodipine,16
2024-02-16,Pantoprazole,17
2024-02-16,Loratadine,23
2024-02-16,Ciprofloxacin,8
2024-02-17,Paracetamol,24
2024-02-17,Ibuprofen,3
2024-02-17,Amoxicillin,5
2024-02-17,Cetirizine,29
2024-02-17,Azithromycin,14
2024-02-17,Metformin,14
2024-02-17,Amlodipine,16
2024-02-17,Pantoprazole,15
2024-02-17,Loratadine,34
2024-02-17,Ciprofloxacin,13
2024-02-18,Paracetamol,24
2024-02-18,Ibuprofen,7
2024-02-18,Amoxicillin,5
2024-02-18,Cetirizine,25
2024-02-18,Azithromycin,7
2024-02-18,Metformin,10
2024-02-18,Amlodipine,13
2024-02-18,Pantoprazole,11
2024-02-18,Loratadine,30
2024-02-18,Ciprofloxacin,12
2024-02-19,Paracetamol,24
2024-02-19,Ibuprofen,14
2024-02-19,Amoxicillin,10
2024-02-19,Cetirizine,22
2024-02-19,Azithromycin,14
2024-02-19,Metformin,16
2024-02-19,Amlodipine,11
2024-02-19,Pantoprazole,14
2024-02-19,Loratadine,22
2024-02-19,Ciprofloxacin,5
2024-02-20,Paracetamol,27
2024-02-20,Ibuprofen,15
2024-02-20,Amoxicillin,5
2024-02-20,Cetirizine,26
2024-02-20,Azithromycin,8
2024-02-20,Metformin,13
2024-02-20,Amlodipine,13
2024-02-20,Pantoprazole,12
2024-02-20,Loratadine,25
2024-02-20,Ciprofloxacin,7
2024-02-21,Paracetamol,25
2024-02-21,Ibuprofen,9
2024-02-21,Amoxicillin,9
2024-02-21,Cetirizine,22
2024-02-21,Azithromycin,8
2024-02-21,Metformin,17
2024-02-21,Amlodipine,16
2024-02-21,Pantoprazole,12
2024-02-21,Loratadine,25
2024-02-21,Ciprofloxacin,12
2024-02-22,Paracetamol,19
2024-02-22,Ibuprofen,11
2024-02-22,Amoxicillin,8
2024-02-22,Cetirizine,26
2024-02-22,Azithromycin,7
2024-02-22,Metformin,9
2024-02-22,Amlodipine,10
2024-02-22,Pantoprazole,15
2024-02-22,Loratadine,25
2024-02-22,Ciprofloxacin,7
2024-02-23,Paracetamol,26
2024-02-23,Ibuprofen,5
2024-02-23,Amoxicillin,9
2024-02-23,Cetirizine,21
2024-02-23,Azithromycin,8
2024-02-23,Metformin,15
2024-02-23,Amlodipine,12
2024-02-23,Pantoprazole,13
2024-02-23,Loratadine,28
2024-02-23,Ciprofloxacin,8
2024-02-24,Paracetamol,27
2024-02-24,Ibuprofen,6
2024-02-24,Amoxicillin,11
2024-02-24,Cetirizine,29
2024-02-24,Azithromycin,2
2024-02-24,Metformin,12
2024-02-24,Amlodipine,16
2024-02-24,Pantoprazole,14
2024-02-24,Loratadine,26
2024-02-24,Ciprofloxacin,8
2024-02-25,Paracetamol,25
2024-02-25,Ibuprofen,9
2024-02-25,Amoxicillin,13
2024-02-25,Cetirizine,25
2024-02-25,Azithromycin,11
2024-02-25,Metformin,13
2024-02-25,Amlodipine,13
2024-02-25,Pantoprazole,13
2024-02-25,Loratadine,26
2024-02-25,Ciprofloxacin,8
2024-02-26,Paracetamol,25
2024-02-26,Ibuprofen,16
2024-02-26,Amoxicillin,12
2024-02-26,Cetirizine,24
2024-02-26,Azithromycin,13
2024-02-26,Metformin,13
2024-02-26,Amlodipine,8
2024-02-26,Pantoprazole,11
2024-02-26,Loratadine,19
2024-02-26,Ciprofloxacin,8
2024-02-27,Paracetamol,25
2024-02-27,Ibuprofen,15
2024-02-27,Amoxicillin,10
2024-02-27,Cetirizine,24
2024-02-27,Azithromycin,12
2024-02-27,Metformin,8
2024-02-27,Amlodipine,15
2024-02-27,Pantoprazole,17
2024-02-27,Loratadine,20
2024-02-27,Ciprofloxacin,13
2024-02-28,Paracetamol,26
2024-02-28,Ibuprofen,8
2024-02-28,Amoxicillin,11
2024-02-28,Cetirizine,31
2024-02-28,Azithromycin,10
2024-02-28,Metformin,15
2024-02-28,Amlodipine,13
2024-02-28,Pantoprazole,12
2024-02-28,Loratadine,27
2024-02-28,Ciprofloxacin,7
2024-02-29,Paracetamol,25
2024-02-29,Ibuprofen,8
2024-02-29,Amoxicillin,11
2024-02-29,Cetirizine,26
2024-02-29,Azithromycin,13
2024-02-29,Metformin,13
2024-02-29,Amlodipine,14
2024-02-29,Pantoprazole,12
2024-02-29,Loratadine,23
2024-02-29,Ciprofloxacin,11
2024-03-01,Paracetamol,14
2024-03-01,Ibuprofen,7
2024-03-01,Amoxicillin,12
2024-03-01,Cetirizine,16
2024-03-01,Azithromycin,11
2024-03-01,Metformin,20
2024-03-01,Amlodipine,12
2024-03-01,Pantoprazole,11
2024-03-01,Loratadine,6
2024-03-01,Ciprofloxacin,14
2024-03-02,Paracetamol,13
2024-03-02,Ibuprofen,9
2024-03-02,Amoxicillin,10
2024-03-02,Cetirizine,8
2024-03-02,Azithromycin,17
2024-03-02,Metformin,15
2024-03-02,Amlodipine,15
2024-03-02,Pantoprazole,17
2024-03-02,Loratadine,13
2024-03-02,Ciprofloxacin,10
2024-03-03,Paracetamol,9
2024-03-03,Ibuprofen,11
2024-03-03,Amoxicillin,15
2024-03-03,Cetirizine,16
2024-03-03,Azithromycin,14
2024-03-03,Metformin,13
2024-03-03,Amlodipine,12
2024-03-03,Pantoprazole,14
2024-03-03,Loratadine,12
2024-03-03,Ciprofloxacin,13
2024-03-04,Paracetamol,6
2024-03-04,Ibuprofen,14
2024-03-04,Amoxicillin,9
2024-03-04,Cetirizine,10
2024-03-04,Azithromycin,6
2024-03-04,Metformin,10
2024-03-04,Amlodipine,17
2024-03-04,Pantoprazole,15
2024-03-04,Loratadine,8
2024-03-04,Ciprofloxacin,6
2024-03-05,Paracetamol,10
2024-03-05,Ibuprofen,15
2024-03-05,Amoxicillin,9
2024-03-05,Cetirizine,7
2024-03-05,Azithromycin,9
2024-03-05,Metformin,14
2024-03-05,Amlodipine,6
2024-03-05,Pantoprazole,14
2024-03-05,Loratadine,11
2024-03-05,Ciprofloxacin,12
2024-03-06,Paracetamol,17
2024-03-06,Ibuprofen,13
2024-03-06,Amoxicillin,9
2024-03-06,Cetirizine,8
2024-03-06,Azithromycin,17
2024-03-06,Metformin,15
2024-03-06,Amlodipine,15
2024-03-06,Pantoprazole,14
2024-03-06,Loratadine,12
2024-03-06,Ciprofloxacin,9
2024-03-07,Paracetamol,10
2024-03-07,Ibuprofen,8
2024-03-07,Amoxicillin,9
2024-03-07,Cetirizine,10
2024-03-07,Azithromycin,7
2024-03-07,Metformin,15
2024-03-07,Amlodipine,14
2024-03-07,Pantoprazole,19
2024-03-07,Loratadine,4
2024-03-07,Ciprofloxacin,13
2024-03-08,Paracetamol,15
2024-03-08,Ibuprofen,3
2024-03-08,Amoxicillin,8
2024-03-08,Cetirizine,10
2024-03-08,Azithromycin,5
2024-03-08,Metformin,12
2024-03-08,Amlodipine,11
2024-03-08,Pantoprazole,20
2024-03-08,Loratadine,14
2024-03-08,Ciprofloxacin,13
2024-03-09,Paracetamol,14
2024-03-09,Ibuprofen,6
2024-03-09,Amoxicillin,8
2024-03-09,Cetirizine,13
2024-03-09,Azithromycin,6
2024-03-09,Metformin,17
2024-03-09,Amlodipine,14
2024-03-09,Pantoprazole,13
2024-03-09,Loratadine,14
2024-03-09,Ciprofloxacin,11
2024-03-10,Paracetamol,10
2024-03-10,Ibuprofen,13
2024-03-10,Amoxicillin,6
2024-03-10,Cetirizine,13
2024-03-10,Azithromycin,11
2024-03-10,Metformin,14
2024-03-10,Amlodipine,15
2024-03-10,Pantoprazole,11
2024-03-10,Loratadine,14
2024-03-10,Ciprofloxacin,9
2024-03-11,Paracetamol,10
2024-03-11,Ibuprofen,13
2024-03-11,Amoxicillin,7
2024-03-11,Cetirizine,7
2024-03-11,Azithromycin,5
2024-03-11,Metformin,16
2024-03-11,Amlodipine,11
2024-03-11,Pantoprazole,20
2024-03-11,Loratadine,5
2024-03-11,Ciprofloxacin,15
2024-03-12,Paracetamol,12
2024-03-12,Ibuprofen,9
2024-03-12,Amoxicillin,8
2024-03-12,Cetirizine,13
2024-03-12,Azithromycin,9
2024-03-12,Metformin,18
2024-03-12,Amlodipine,15
2024-03-12,Pantoprazole,15
2024-03-12,Loratadine,10
2024-03-12,Ciprofloxacin,9
2024-03-13,Paracetamol,12
2024-03-13,Ibuprofen,4
2024-03-13,Amoxicillin,5
2024-03-13,Cetirizine,14
2024-03-13,Azithromycin,10
2024-03-13,Metformin,14
2024-03-13,Amlodipine,15
2024-03-13,Pantoprazole,16
2024-03-13,Loratadine,10
2024-03-13,Ciprofloxacin,7
2024-03-14,Paracetamol,12
2024-03-14,Ibuprofen,7
2024-03-14,Amoxicillin,11
2024-03-14,Cetirizine,6
2024-03-14,Azithromycin,13
2024-03-14,Metformin,16
2024-03-14,Amlodipine,15
2024-03-14,Pantoprazole,17
2024-03-14,Loratadine,16
2024-03-14,Ciprofloxacin,13
2024-03-15,Paracetamol,6
2024-03-15,Ibuprofen,6
2024-03-15,Amoxicillin,8
2024-03-15,Cetirizine,12
2024-03-15,Azithromycin,11
2024-03-15,Metformin,12
2024-03-15,Amlodipine,15
2024-03-15,Pantoprazole,12
2024-03-15,Loratadine,10
2024-03-15,Ciprofloxacin,5
2024-03-16,Paracetamol,9
2024-03-16,Ibuprofen,5
2024-03-16,Amoxicillin,7
2024-03-16,Cetirizine,15
2024-03-16,Azithromycin,7
2024-03-16,Metformin,22
2024-03-16,Amlodipine,16
2024-03-16,Pantoprazole,15
2024-03-16,Loratadine,9
2024-03-16,Ciprofloxacin,12
2024-03-17,Paracetamol,10
2024-03-17,Ibuprofen,10
2024-03-17,Amoxicillin,17
2024-03-17,Cetirizine,11
2024-03-17,Azithromycin,13
2024-03-17,Metformin,12
2024-03-17,Amlodipine,14
2024-03-17,Pantoprazole,20
2024-03-17,Loratadine,10
2024-03-17,Ciprofloxacin,15
2024-03-18,Paracetamol,14
2024-03-18,Ibuprofen,8
2024-03-18,Amoxicillin,11
2024-03-18,Cetirizine,14
2024-03-18,Azithromycin,11
2024-03-18,Metformin,10
2024-03-18,Amlodipine,12
2024-03-18,Pantoprazole,14
2024-03-18,Loratadine,11
2024-03-18,Ciprofloxacin,11
2024-03-19,Paracetamol,12
2024-03-19,Ibuprofen,5
2024-03-19,Amoxicillin,11
2024-03-19,Cetirizine,13
2024-03-19,Azithromycin,11
2024-03-19,Metformin,18
2024-03-19,Amlodipine,17
2024-03-19,Pantoprazole,16
2024-03-19,Loratadine,11
2024-03-19,Ciprofloxacin,5
2024-03-20,Paracetamol,13
2024-03-20,Ibuprofen,10
2024-03-20,Amoxicillin,10
2024-03-20,Cetirizine,8
2024-03-20,Azithromycin,6
2024-03-20,Metformin,18
2024-03-20,Amlodipine,14
2024-03-20,Pantoprazole,17
2024-03-20,Loratadine,12
2024-03-20,Ciprofloxacin,10
2024-03-21,Paracetamol,14
2024-03-21,Ibuprofen,8
2024-03-21,Amoxicillin,10
2024-03-21,Cetirizine,10
2024-03-21,Azithromycin,8
2024-03-21,Metformin,14
2024-03-21,Amlodipine,15
2024-03-21,Pantoprazole,13
2024-03-21,Loratadine,15
2024-03-21,Ciprofloxacin,7
2024-03-22,Paracetamol,11
2024-03-22,Ibuprofen,8
2024-03-22,Amoxicillin,14
2024-03-22,Cetirizine,12
2024-03-22,Azithromycin,13
2024-03-22,Metformin,10
2024-03-22,Amlodipine,15
2024-03-22,Pantoprazole,17
2024-03-22,Loratadine,12
2024-03-22,Ciprofloxacin,13
2024-03-23,Paracetamol,10
2024-03-23,Ibuprofen,14
2024-03-23,Amoxicillin,16
2024-03-23,Cetirizine,10
2024-03-23,Azithromycin,8
2024-03-23,Metformin,19
2024-03-23,Amlodipine,19
2024-03-23,Pantoprazole,13
2024-03-23,Loratadine,10
2024-03-23,Ciprofloxacin,9
2024-03-24,Paracetamol,7
2024-03-24,Ibuprofen,7
2024-03-24,Amoxicillin,6
2024-03-24,Cetirizine,9
2024-03-24,Azithromycin,9
2024-03-24,Metformin,15
2024-03-24,Amlodipine,19
2024-03-24,Pantoprazole,12
2024-03-24,Loratadine,14
2024-03-24,Ciprofloxacin,9
2024-03-25,Paracetamol,11
2024-03-25,Ibuprofen,12
2024-03-25,Amoxicillin,6
2024-03-25,Cetirizine,13
2024-03-25,Azithromycin,10
2024-03-25,Metformin,16
2024-03-25,Amlodipine,15
2024-03-25,Pantoprazole,22
2024-03-25,Loratadine,10
2024-03-25,Ciprofloxacin,8
2024-03-26,Paracetamol,10
2024-03-26,Ibuprofen,8
2024-03-26,Amoxicillin,8
2024-03-26,Cetirizine,15
2024-03-26,Azithromycin,14
2024-03-26,Metformin,13
2024-03-26,Amlodipine,12
2024-03-26,Pantoprazole,16
2024-03-26,Loratadine,10
2024-03-26,Ciprofloxacin,11
2024-03-27,Paracetamol,12
2024-03-27,Ibuprofen,5
2024-03-27,Amoxicillin,14
2024-03-27,Cetirizine,17
2024-03-27,Azithromycin,8
2024-03-27,Metformin,13
2024-03-27,Amlodipine,15
2024-03-27,Pantoprazole,16
2024-03-27,Loratadine,13
2024-03-27,Ciprofloxacin,16
2024-03-28,Paracetamol,11
2024-03-28,Ibuprofen,7
2024-03-28,Amoxicillin,5
2024-03-28,Cetirizine,9
2024-03-28,Azithromycin,9
2024-03-28,Metformin,20
2024-03-28,Amlodipine,13
2024-03-28,Pantoprazole,15
2024-03-28,Loratadine,11
2024-03-28,Ciprofloxacin,13
2024-03-29,Paracetamol,19
2024-03-29,Ibuprofen,8
2024-03-29,Amoxicillin,8
2024-03-29,Cetirizine,15
2024-03-29,Azithromycin,12
2024-03-29,Metformin,20
2024-03-29,Amlodipine,16
2024-03-29,Pantoprazole,13
2024-03-29,Loratadine,13
2024-03-29,Ciprofloxacin,13
2024-03-30,Paracetamol,14
2024-03-30,Ibuprofen,11
2024-03-30,Amoxicillin,13
2024-03-30,Cetirizine,15
2024-03-30,Azithromycin,14
2024-03-30,Metformin,16
2024-03-30,Amlodipine,14
2024-03-30,Pantoprazole,15
2024-03-30,Loratadine,15
2024-03-30,Ciprofloxacin,7
2024-03-31,Paracetamol,13
2024-03-31,Ibuprofen,8
2024-03-31,Amoxicillin,10
2024-03-31,Cetirizine,15
2024-03-31,Azithromycin,10
2024-03-31,Metformin,15
2024-03-31,Amlodipine,10
2024-03-31,Pantoprazole,17
2024-03-31,Loratadine,13
2024-03-31,Ciprofloxacin,16
2024-04-01,Paracetamol,11
2024-04-01,Ibuprofen,10
2024-04-01,Amoxicillin,10
2024-04-01,Cetirizine,16
2024-04-01,Azithromycin,9
2024-04-01,Metformin,15
2024-04-01,Amlodipine,16
2024-04-01,Pantoprazole,15
2024-04-01,Loratadine,10
2024-04-01,Ciprofloxacin,10
2024-04-02,Paracetamol,15
2024-04-02,Ibuprofen,6
2024-04-02,Amoxicillin,10
2024-04-02,Cetirizine,9
2024-04-02,Azithromycin,13
2024-04-02,Metformin,10
2024-04-02,Amlodipine,13
2024-04-02,Pantoprazole,16
2024-04-02,Loratadine,16
2024-04-02,Ciprofloxacin,9
2024-04-03,Paracetamol,10
2024-04-03,Ibuprofen,15
2024-04-03,Amoxicillin,5
2024-04-03,Cetirizine,5
2024-04-03,Azithromycin,11
2024-04-03,Metformin,13
2024-04-03,Amlodipine,11
2024-04-03,Pantoprazole,17
2024-04-03,Loratadine,12
2024-04-03,Ciprofloxacin,8
2024-04-04,Paracetamol,8
2024-04-04,Ibuprofen,12
2024-04-04,Amoxicillin,11
2024-04-04,Cetirizine,11
2024-04-04,Azithromycin,15
2024-04-04,Metformin,11
2024-04-04,Amlodipine,10
2024-04-04,Pantoprazole,12
2024-04-04,Loratadine,11
2024-04-04,Ciprofloxacin,10
2024-04-05,Paracetamol,11
2024-04-05,Ibuprofen,11
2024-04-05,Amoxicillin,6
2024-04-05,Cetirizine,16
2024-04-05,Azithromycin,9
2024-04-05,Metformin,18
2024-04-05,Amlodipine,16
2024-04-05,Pantoprazole,16
2024-04-05,Loratadine,13
2024-04-05,Ciprofloxacin,11
2024-04-06,Paracetamol,13
2024-04-06,Ibuprofen,13
2024-04-06,Amoxicillin,10
2024-04-06,Cetirizine,14
2024-04-06,Azithromycin,9
2024-04-06,Metformin,19
2024-04-06,Amlodipine,12
2024-04-06,Pantoprazole,20
2024-04-06,Loratadine,11
2024-04-06,Ciprofloxacin,5
2024-04-07,Paracetamol,12
2024-04-07,Ibuprofen,7
2024-04-07,Amoxicillin,12
2024-04-07,Cetirizine,10
2024-04-07,Azithromycin,8
2024-04-07,Metformin,9
2024-04-07,Amlodipine,13
2024-04-07,Pantoprazole,7
2024-04-07,Loratadine,7
2024-04-07,Ciprofloxacin,12
2024-04-08,Paracetamol,14
2024-04-08,Ibuprofen,11
2024-04-08,Amoxicillin,7
2024-04-08,Cetirizine,11
2024-04-08,Azithromycin,9
2024-04-08,Metformin,11
2024-04-08,Amlodipine,19
2024-04-08,Pantoprazole,17
2024-04-08,Loratadine,11
2024-04-08,Ciprofloxacin,10
2024-04-09,Paracetamol,12
2024-04-09,Ibuprofen,3
2024-04-09,Amoxicillin,9
2024-04-09,Cetirizine,9
2024-04-09,Azithromycin,6
2024-04-09,Metformin,14
2024-04-09,Amlodipine,20
2024-04-09,Pantoprazole,16
2024-04-09,Loratadine,10
2024-04-09,Ciprofloxacin,11
2024-04-10,Paracetamol,16
2024-04-10,Ibuprofen,12
2024-04-10,Amoxicillin,10
2024-04-10,Cetirizine,10
2024-04-10,Azithromycin,12
2024-04-10,Metformin,16
2024-04-10,Amlodipine,17
2024-04-10,Pantoprazole,16
2024-04-10,Loratadine,15
2024-04-10,Ciprofloxacin,8
2024-04-11,Paracetamol,15
2024-04-11,Ibuprofen,10
2024-04-11,Amoxicillin,16
2024-04-11,Cetirizine,9
2024-04-11,Azithromycin,15
2024-04-11,Metformin,15
2024-04-11,Amlodipine,13
2024-04-11,Pantoprazole,13
2024-04-11,Loratadine,11
2024-04-11,Ciprofloxacin,11
2024-04-12,Paracetamol,13
2024-04-12,Ibuprofen,8
2024-04-12,Amoxicillin,9
2024-04-12,Cetirizine,18
2024-04-12,Azithromycin,15
2024-04-12,Metformin,16
2024-04-12,Amlodipine,15
2024-04-12,Pantoprazole,15
2024-04-12,Loratadine,13
2024-04-12,Ciprofloxacin,6
2024-04-13,Paracetamol,11
2024-04-13,Ibuprofen,4
2024-04-13,Amoxicillin,11
2024-04-13,Cetirizine,13
2024-04-13,Azithromycin,8
2024-04-13,Metformin,19
2024-04-13,Amlodipine,11
2024-04-13,Pantoprazole,10
2024-04-13,Loratadine,12
2024-04-13,Ciprofloxacin,13
2024-04-14,Paracetamol,17
2024-04-14,Ibuprofen,8
2024-04-14,Amoxicillin,13
2024-04-14,Cetirizine,11
2024-04-14,Azithromycin,9
2024-04-14,Metformin,17
2024-04-14,Amlodipine,16
2024-04-14,Pantoprazole,10
2024-04-14,Loratadine,16
2024-04-14,Ciprofloxacin,14
2024-04-15,Paracetamol,10
2024-04-15,Ibuprofen,11
2024-04-15,Amoxicillin,11
2024-04-15,Cetirizine,12
2024-04-15,Azithromycin,8
2024-04-15,Metformin,12
2024-04-15,Amlodipine,14
2024-04-15,Pantoprazole,18
2024-04-15,Loratadine,13
2024-04-15,Ciprofloxacin,8
2024-04-16,Paracetamol,14
2024-04-16,Ibuprofen,1
2024-04-16,Amoxicillin,13
2024-04-16,Cetirizine,6
2024-04-16,Azithromycin,8
2024-04-16,Metformin,11
2024-04-16,Amlodipine,11
2024-04-16,Pantoprazole,18
2024-04-16,Loratadine,10
2024-04-16,Ciprofloxacin,11
2024-04-17,Paracetamol,11
2024-04-17,Ibuprofen,11
2024-04-17,Amoxicillin,10
2024-04-17,Cetirizine,8
2024-04-17,Azithromycin,12
2024-04-17,Metformin,13
2024-04-17,Amlodipine,10
2024-04-17,Pantoprazole,13
2024-04-17,Loratadine,16
2024-04-17,Ciprofloxacin,12
2024-04-18,Paracetamol,10
2024-04-18,Ibuprofen,8
2024-04-18,Amoxicillin,9
2024-04-18,Cetirizine,18
2024-04-18,Azithromycin,11
2024-04-18,Metformin,16
2024-04-18,Amlodipine,18
2024-04-18,Pantoprazole,15
2024-04-18,Loratadine,11
2024-04-18,Ciprofloxacin,9
2024-04-19,Paracetamol,11
2024-04-19,Ibuprofen,9
2024-04-19,Amoxicillin,12
2024-04-19,Cetirizine,12
2024-04-19,Azithromycin,12
2024-04-19,Metformin,14
2024-04-19,Amlodipine,15
2024-04-19,Pantoprazole,9
2024-04-19,Loratadine,14
2024-04-19,Ciprofloxacin,11
2024-04-20,Paracetamol,14
2024-04-20,Ibuprofen,1
2024-04-20,Amoxicillin,16
2024-04-20,Cetirizine,11
2024-04-20,Azithromycin,13
2024-04-20,Metformin,11
2024-04-20,Amlodipine,16
2024-04-20,Pantoprazole,11
2024-04-20,Loratadine,10
2024-04-20,Ciprofloxacin,15
2024-04-21,Paracetamol,11
2024-04-21,Ibuprofen,10
2024-04-21,Amoxicillin,12
2024-04-21,Cetirizine,13
2024-04-21,Azithromycin,10
2024-04-21,Metformin,16
2024-04-21,Amlodipine,22
2024-04-21,Pantoprazole,14
2024-04-21,Loratadine,12
2024-04-21,Ciprofloxacin,13
2024-04-22,Paracetamol,15
2024-04-22,Ibuprofen,13
2024-04-22,Amoxicillin,11
2024-04-22,Cetirizine,8
2024-04-22,Azithromycin,14
2024-04-22,Metformin,11
2024-04-22,Amlodipine,15
2024-04-22,Pantoprazole,12
2024-04-22,Loratadine,11
2024-04-22,Ciprofloxacin,10
2024-04-23,Paracetamol,12
2024-04-23,Ibuprofen,11
2024-04-23,Amoxicillin,14
2024-04-23,Cetirizine,13
2024-04-23,Azithromycin,9
2024-04-23,Metformin,17
2024-04-23,Amlodipine,18
2024-04-23,Pantoprazole,11
2024-04-23,Loratadine,13
2024-04-23,Ciprofloxacin,12
2024-04-24,Paracetamol,11
2024-04-24,Ibuprofen,14
2024-04-24,Amoxicillin,9
2024-04-24,Cetirizine,12
2024-04-24,Azithromycin,9
2024-04-24,Metformin,15
2024-04-24,Amlodipine,11
2024-04-24,Pantoprazole,10
2024-04-24,Loratadine,16
2024-04-24,Ciprofloxacin,7
2024-04-25,Paracetamol,9
2024-04-25,Ibuprofen,3
2024-04-25,Amoxicillin,8
2024-04-25,Cetirizine,8
2024-04-25,Azithromycin,14
2024-04-25,Metformin,18
2024-04-25,Amlodipine,12
2024-04-25,Pantoprazole,21
2024-04-25,Loratadine,14
2024-04-25,Ciprofloxacin,9
2024-04-26,Paracetamol,4
2024-04-26,Ibuprofen,16
2024-04-26,Amoxicillin,5
2024-04-26,Cetirizine,7
2024-04-26,Azithromycin,13
2024-04-26,Metformin,22
2024-04-26,Amlodipine,19
2024-04-26,Pantoprazole,16
2024-04-26,Loratadine,13
2024-04-26,Ciprofloxacin,12
2024-04-27,Paracetamol,14
2024-04-27,Ibuprofen,10
2024-04-27,Amoxicillin,10
2024-04-27,Cetirizine,11
2024-04-27,Azithromycin,7
2024-04-27,Metformin,14
2024-04-27,Amlodipine,9
2024-04-27,Pantoprazole,14
2024-04-27,Loratadine,9
2024-04-27,Ciprofloxacin,6
2024-04-28,Paracetamol,12
2024-04-28,Ibuprofen,14
2024-04-28,Amoxicillin,12
2024-04-28,Cetirizine,7
2024-04-28,Azithromycin,7
2024-04-28,Metformin,17
2024-04-28,Amlodipine,12
2024-04-28,Pantoprazole,14
2024-04-28,Loratadine,13
2024-04-28,Ciprofloxacin,7
2024-04-29,Paracetamol,12
2024-04-29,Ibuprofen,5
2024-04-29,Amoxicillin,8
2024-04-29,Cetirizine,12
2024-04-29,Azithromycin,5
2024-04-29,Metformin,16
2024-04-29,Amlodipine,14
2024-04-29,Pantoprazole,16
2024-04-29,Loratadine,12
2024-04-29,Ciprofloxacin,14
2024-04-30,Paracetamol,12
2024-04-30,Ibuprofen,8
2024-04-30,Amoxicillin,10
2024-04-30,Cetirizine,13
2024-04-30,Azithromycin,10
2024-04-30,Metformin,15
2024-04-30,Amlodipine,12
2024-04-30,Pantoprazole,13
2024-04-30,Loratadine,7
2024-04-30,Ciprofloxacin,15
2024-05-01,Paracetamol,8
2024-05-01,Ibuprofen,7
2024-05-01,Amoxicillin,7
2024-05-01,Cetirizine,14
2024-05-01,Azithromycin,9
2024-05-01,Metformin,18
2024-05-01,Amlodipine,12
2024-05-01,Pantoprazole,15
2024-05-01,Loratadine,9
2024-05-01,Ciprofloxacin,16
2024-05-02,Paracetamol,8
2024-05-02,Ibuprofen,10
2024-05-02,Amoxicillin,11
2024-05-02,Cetirizine,13
2024-05-02,Azithromycin,9
2024-05-02,Metformin,14
2024-05-02,Amlodipine,15
2024-05-02,Pantoprazole,14
2024-05-02,Loratadine,14
2024-05-02,Ciprofloxacin,16
2024-05-03,Paracetamol,10
2024-05-03,Ibuprofen,5
2024-05-03,Amoxicillin,9
2024-05-03,Cetirizine,19
2024-05-03,Azithromycin,7
2024-05-03,Metformin,19
2024-05-03,Amlodipine,20
2024-05-03,Pantoprazole,13
2024-05-03,Loratadine,13
2024-05-03,Ciprofloxacin,14
2024-05-04,Paracetamol,10
2024-05-04,Ibuprofen,9
2024-05-04,Amoxicillin,8
2024-05-04,Cetirizine,8
2024-05-04,Azithromycin,8
2024-05-04,Metformin,11
2024-05-04,Amlodipine,15
2024-05-04,Pantoprazole,12
2024-05-04,Loratadine,12
2024-05-04,Ciprofloxacin,5
2024-05-05,Paracetamol,12
2024-05-05,Ibuprofen,12
2024-05-05,Amoxicillin,4
2024-05-05,Cetirizine,13
2024-05-05,Azithromycin,13
2024-05-05,Metformin,11
2024-05-05,Amlodipine,20
2024-05-05,Pantoprazole,16
2024-05-05,Loratadine,9
2024-05-05,Ciprofloxacin,9
2024-05-06,Paracetamol,13
2024-05-06,Ibuprofen,10
2024-05-06,Amoxicillin,11
2024-05-06,Cetirizine,9
2024-05-06,Azithromycin,10
2024-05-06,Metformin,10
2024-05-06,Amlodipine,14
2024-05-06,Pantoprazole,12
2024-05-06,Loratadine,9
2024-05-06,Ciprofloxacin,13
2024-05-07,Paracetamol,15
2024-05-07,Ibuprofen,11
2024-05-07,Amoxicillin,6
2024-05-07,Cetirizine,11
2024-05-07,Azithromycin,13
2024-05-07,Metformin,15
2024-05-07,Amlodipine,21
2024-05-07,Pantoprazole,16
2024-05-07,Loratadine,12
2024-05-07,Ciprofloxacin,9
2024-05-08,Paracetamol,12
2024-05-08,Ibuprofen,9
2024-05-08,Amoxicillin,12
2024-05-08,Cetirizine,14
2024-05-08,Azithromycin,7
2024-05-08,Metformin,11
2024-05-08,Amlodipine,9
2024-05-08,Pantoprazole,16
2024-05-08,Loratadine,8
2024-05-08,Ciprofloxacin,3
2024-05-09,Paracetamol,13
2024-05-09,Ibuprofen,17
2024-05-09,Amoxicillin,9
2024-05-09,Cetirizine,14
2024-05-09,Azithromycin,10
2024-05-09,Metformin,14
2024-05-09,Amlodipine,17
2024-05-09,Pantoprazole,14
2024-05-09,Loratadine,12
2024-05-09,Ciprofloxacin,10
2024-05-10,Paracetamol,9
2024-05-10,Ibuprofen,12
2024-05-10,Amoxicillin,9
2024-05-10,Cetirizine,9
2024-05-10,Azithromycin,11
2024-05-10,Metformin,12
2024-05-10,Amlodipine,15
2024-05-10,Pantoprazole,14
2024-05-10,Loratadine,15
2024-05-10,Ciprofloxacin,11
2024-05-11,Paracetamol,11
2024-05-11,Ibuprofen,12
2024-05-11,Amoxicillin,14
2024-05-11,Cetirizine,13
2024-05-11,Azithromycin,10
2024-05-11,Metformin,11
2024-05-11,Amlodipine,11
2024-05-11,Pantoprazole,14
2024-05-11,Loratadine,10
2024-05-11,Ciprofloxacin,9
2024-05-12,Paracetamol,12
2024-05-12,Ibuprofen,11
2024-05-12,Amoxicillin,9
2024-05-12,Cetirizine,13
2024-05-12,Azithromycin,10
2024-05-12,Metformin,9
2024-05-12,Amlodipine,12
2024-05-12,Pantoprazole,14
2024-05-12,Loratadine,8
2024-05-12,Ciprofloxacin,11
2024-05-13,Paracetamol,16
2024-05-13,Ibuprofen,13
2024-05-13,Amoxicillin,9
2024-05-13,Cetirizine,16
2024-05-13,Azithromycin,10
2024-05-13,Metformin,13
2024-05-13,Amlodipine,13
2024-05-13,Pantoprazole,14
2024-05-13,Loratadine,10
2024-05-13,Ciprofloxacin,10
2024-05-14,Paracetamol,12
2024-05-14,Ibuprofen,10
2024-05-14,Amoxicillin,11
2024-05-14,Cetirizine,15
2024-05-14,Azithromycin,12
2024-05-14,Metformin,10
2024-05-14,Amlodipine,7
2024-05-14,Pantoprazole,17
2024-05-14,Loratadine,7
2024-05-14,Ciprofloxacin,9
2024-05-15,Paracetamol,8
2024-05-15,Ibuprofen,4
2024-05-15,Amoxicillin,11
2024-05-15,Cetirizine,14
2024-05-15,Azithromycin,8
2024-05-15,Metformin,7
2024-05-15,Amlodipine,13
2024-05-15,Pantoprazole,16
2024-05-15,Loratadine,7
2024-05-15,Ciprofloxacin,10
2024-05-16,Paracetamol,11
2024-05-16,Ibuprofen,11
2024-05-16,Amoxicillin,10
2024-05-16,Cetirizine,9
2024-05-16,Azithromycin,13
2024-05-16,Metformin,14
2024-05-16,Amlodipine,14
2024-05-16,Pantoprazole,12
2024-05-16,Loratadine,10
2024-05-16,Ciprofloxacin,7
2024-05-17,Paracetamol,11
2024-05-17,Ibuprofen,15
2024-05-17,Amoxicillin,5
2024-05-17,Cetirizine,7
2024-05-17,Azithromycin,14
2024-05-17,Metformin,14
2024-05-17,Amlodipine,12
2024-05-17,Pantoprazole,18
2024-05-17,Loratadine,10
2024-05-17,Ciprofloxacin,15
2024-05-18,Paracetamol,14
2024-05-18,Ibuprofen,8
2024-05-18,Amoxicillin,16
2024-05-18,Cetirizine,10
2024-05-18,Azithromycin,12
2024-05-18,Metformin,15
2024-05-18,Amlodipine,18
2024-05-18,Pantoprazole,19
2024-05-18,Loratadine,12
2024-05-18,Ciprofloxacin,7
2024-05-19,Paracetamol,13
2024-05-19,Ibuprofen,7
2024-05-19,Amoxicillin,16
2024-05-19,Cetirizine,12
2024-05-19,Azithromycin,8
2024-05-19,Metformin,15
2024-05-19,Amlodipine,10
2024-05-19,Pantoprazole,12
2024-05-19,Loratadine,15
2024-05-19,Ciprofloxacin,8
2024-05-20,Paracetamol,8
2024-05-20,Ibuprofen,11
2024-05-20,Amoxicillin,13
2024-05-20,Cetirizine,14
2024-05-20,Azithromycin,12
2024-05-20,Metformin,12
2024-05-20,Amlodipine,10
2024-05-20,Pantoprazole,19
2024-05-20,Loratadine,11
2024-05-20,Ciprofloxacin,9
2024-05-21,Paracetamol,15
2024-05-21,Ibuprofen,11
2024-05-21,Amoxicillin,11
2024-05-21,Cetirizine,18
2024-05-21,Azithromycin,8
2024-05-21,Metformin,17
2024-05-21,Amlodipine,15
2024-05-21,Pantoprazole,15
2024-05-21,Loratadine,16
2024-05-21,Ciprofloxacin,11
2024-05-22,Paracetamol,13
2024-05-22,Ibuprofen,13
2024-05-22,Amoxicillin,8
2024-05-22,Cetirizine,9
2024-05-22,Azithromycin,6
2024-05-22,Metformin,9
2024-05-22,Amlodipine,21
2024-05-22,Pantoprazole,11
2024-05-22,Loratadine,11
2024-05-22,Ciprofloxacin,9
2024-05-23,Paracetamol,12
2024-05-23,Ibuprofen,12
2024-05-23,Amoxicillin,12
2024-05-23,Cetirizine,10
2024-05-23,Azithromycin,9
2024-05-23,Metformin,15
2024-05-23,Amlodipine,14
2024-05-23,Pantoprazole,19
2024-05-23,Loratadine,13
2024-05-23,Ciprofloxacin,12
2024-05-24,Paracetamol,13
2024-05-24,Ibuprofen,13
2024-05-24,Amoxicillin,10
2024-05-24,Cetirizine,8
2024-05-24,Azithromycin,11
2024-05-24,Metformin,13
2024-05-24,Amlodipine,13
2024-05-24,Pantoprazole,16
2024-05-24,Loratadine,15
2024-05-24,Ciprofloxacin,10
2024-05-25,Paracetamol,12
2024-05-25,Ibuprofen,15
2024-05-25,Amoxicillin,10
2024-05-25,Cetirizine,19
2024-05-25,Azithromycin,11
2024-05-25,Metformin,9
2024-05-25,Amlodipine,17
2024-05-25,Pantoprazole,16
2024-05-25,Loratadine,15
2024-05-25,Ciprofloxacin,12
2024-05-26,Paracetamol,11
2024-05-26,Ibuprofen,6
2024-05-26,Amoxicillin,9
2024-05-26,Cetirizine,9
2024-05-26,Azithromycin,8
2024-05-26,Metformin,16
2024-05-26,Amlodipine,20
2024-05-26,Pantoprazole,16
2024-05-26,Loratadine,8
2024-05-26,Ciprofloxacin,11
2024-05-27,Paracetamol,15
2024-05-27,Ibuprofen,8
2024-05-27,Amoxicillin,9
2024-05-27,Cetirizine,12
2024-05-27,Azithromycin,7
2024-05-27,Metformin,16
2024-05-27,Amlodipine,14
2024-05-27,Pantoprazole,16
2024-05-27,Loratadine,9
2024-05-27,Ciprofloxacin,8
2024-05-28,Paracetamol,14
2024-05-28,Ibuprofen,8
2024-05-28,Amoxicillin,15
2024-05-28,Cetirizine,10
2024-05-28,Azithromycin,10
2024-05-28,Metformin,17
2024-05-28,Amlodipine,10
2024-05-28,Pantoprazole,9
2024-05-28,Loratadine,7
2024-05-28,Ciprofloxacin,13
2024-05-29,Paracetamol,10
2024-05-29,Ibuprofen,17
2024-05-29,Amoxicillin,8
2024-05-29,Cetirizine,12
2024-05-29,Azithromycin,14
2024-05-29,Metformin,21
2024-05-29,Amlodipine,21
2024-05-29,Pantoprazole,18
2024-05-29,Loratadine,15
2024-05-29,Ciprofloxacin,11
2024-05-30,Paracetamol,14
2024-05-30,Ibuprofen,8
2024-05-30,Amoxicillin,7
2024-05-30,Cetirizine,11
2024-05-30,Azithromycin,9
2024-05-30,Metformin,13
2024-05-30,Amlodipine,17
2024-05-30,Pantoprazole,17
2024-05-30,Loratadine,12
2024-05-30,Ciprofloxacin,14
2024-05-31,Paracetamol,8
2024-05-31,Ibuprofen,9
2024-05-31,Amoxicillin,7
2024-05-31,Cetirizine,6
2024-05-31,Azithromycin,9
2024-05-31,Metformin,14
2024-05-31,Amlodipine,19
2024-05-31,Pantoprazole,16
2024-05-31,Loratadine,8
2024-05-31,Ciprofloxacin,15
2024-06-01,Paracetamol,15
2024-06-01,Ibuprofen,11
2024-06-01,Amoxicillin,19
2024-06-01,Cetirizine,9
2024-06-01,Azithromycin,18
2024-06-01,Metformin,18
2024-06-01,Amlodipine,20
2024-06-01,Pantoprazole,19
2024-06-01,Loratadine,10
2024-06-01,Ciprofloxacin,16
2024-06-02,Paracetamol,12
2024-06-02,Ibuprofen,4
2024-06-02,Amoxicillin,20
2024-06-02,Cetirizine,11
2024-06-02,Azithromycin,18
2024-06-02,Metformin,10
2024-06-02,Amlodipine,16
2024-06-02,Pantoprazole,13
2024-06-02,Loratadine,8
2024-06-02,Ciprofloxacin,11
2024-06-03,Paracetamol,11
2024-06-03,Ibuprofen,15
2024-06-03,Amoxicillin,24
2024-06-03,Cetirizine,10
2024-06-03,Azithromycin,18
2024-06-03,Metformin,16
2024-06-03,Amlodipine,12
2024-06-03,Pantoprazole,15
2024-06-03,Loratadine,14
2024-06-03,Ciprofloxacin,23
2024-06-04,Paracetamol,11
2024-06-04,Ibuprofen,9
2024-06-04,Amoxicillin,17
2024-06-04,Cetirizine,9
2024-06-04,Azithromycin,19
2024-06-04,Metformin,16
2024-06-04,Amlodipine,17
2024-06-04,Pantoprazole,12
2024-06-04,Loratadine,16
2024-06-04,Ciprofloxacin,19
2024-06-05,Paracetamol,11
2024-06-05,Ibuprofen,7
2024-06-05,Amoxicillin,12
2024-06-05,Cetirizine,14
2024-06-05,Azithromycin,22
2024-06-05,Metformin,14
2024-06-05,Amlodipine,15
2024-06-05,Pantoprazole,16
2024-06-05,Loratadine,7
2024-06-05,Ciprofloxacin,18
2024-06-06,Paracetamol,14
2024-06-06,Ibuprofen,6
2024-06-06,Amoxicillin,20
2024-06-06,Cetirizine,7
2024-06-06,Azithromycin,21
2024-06-06,Metformin,14
2024-06-06,Amlodipine,10
2024-06-06,Pantoprazole,18
2024-06-06,Loratadine,9
2024-06-06,Ciprofloxacin,17
2024-06-07,Paracetamol,12
2024-06-07,Ibuprofen,13
2024-06-07,Amoxicillin,16
2024-06-07,Cetirizine,12
2024-06-07,Azithromycin,21
2024-06-07,Metformin,17
2024-06-07,Amlodipine,15
2024-06-07,Pantoprazole,13
2024-06-07,Loratadine,9
2024-06-07,Ciprofloxacin,20
2024-06-08,Paracetamol,8
2024-06-08,Ibuprofen,1
2024-06-08,Amoxicillin,21
2024-06-08,Cetirizine,14
2024-06-08,Azithromycin,12
2024-06-08,Metformin,11
2024-06-08,Amlodipine,16
2024-06-08,Pantoprazole,21
2024-06-08,Loratadine,12
2024-06-08,Ciprofloxacin,17
2024-06-09,Paracetamol,11
2024-06-09,Ibuprofen,14
2024-06-09,Amoxicillin,18
2024-06-09,Cetirizine,9
2024-06-09,Azithromycin,18
2024-06-09,Metformin,12
2024-06-09,Amlodipine,15
2024-06-09,Pantoprazole,19
2024-06-09,Loratadine,12
2024-06-09,Ciprofloxacin,19
2024-06-10,Paracetamol,11
2024-06-10,Ibuprofen,5
2024-06-10,Amoxicillin,22
2024-06-10,Cetirizine,11
2024-06-10,Azithromycin,19
2024-06-10,Metformin,24
2024-06-10,Amlodipine,15
2024-06-10,Pantoprazole,12
2024-06-10,Loratadine,10
2024-06-10,Ciprofloxacin,23
2024-06-11,Paracetamol,12
2024-06-11,Ibuprofen,5
2024-06-11,Amoxicillin,22
2024-06-11,Cetirizine,9
2024-06-11,Azithromycin,25
2024-06-11,Metformin,18
2024-06-11,Amlodipine,13
2024-06-11,Pantoprazole,18
2024-06-11,Loratadine,12
2024-06-11,Ciprofloxacin,22
2024-06-12,Paracetamol,13
2024-06-12,Ibuprofen,7
2024-06-12,Amoxicillin,18
2024-06-12,Cetirizine,15
2024-06-12,Azithromycin,18
2024-06-12,Metformin,13
2024-06-12,Amlodipine,12
2024-06-12,Pantoprazole,16
2024-06-12,Loratadine,18
2024-06-12,Ciprofloxacin,16
2024-06-13,Paracetamol,12
2024-06-13,Ibuprofen,14
2024-06-13,Amoxicillin,19
2024-06-13,Cetirizine,13
2024-06-13,Azithromycin,16
2024-06-13,Metformin,16
2024-06-13,Amlodipine,14
2024-06-13,Pantoprazole,17
2024-06-13,Loratadine,15
2024-06-13,Ciprofloxacin,27
2024-06-14,Paracetamol,13
2024-06-14,Ibuprofen,10
2024-06-14,Amoxicillin,20
2024-06-14,Cetirizine,10
2024-06-14,Azithromycin,21
2024-06-14,Metformin,14
2024-06-14,Amlodipine,15
2024-06-14,Pantoprazole,18
2024-06-14,Loratadine,8
2024-06-14,Ciprofloxacin,23
2024-06-15,Paracetamol,15
2024-06-15,Ibuprofen,9
2024-06-15,Amoxicillin,13
2024-06-15,Cetirizine,10
2024-06-15,Azithromycin,23
2024-06-15,Metformin,14
2024-06-15,Amlodipine,12
2024-06-15,Pantoprazole,13
2024-06-15,Loratadine,14
2024-06-15,Ciprofloxacin,21
2024-06-16,Paracetamol,11
2024-06-16,Ibuprofen,8
2024-06-16,Amoxicillin,18
2024-06-16,Cetirizine,9
2024-06-16,Azithromycin,24
2024-06-16,Metformin,14
2024-06-16,Amlodipine,18
2024-06-16,Pantoprazole,19
2024-06-16,Loratadine,14
2024-06-16,Ciprofloxacin,18
2024-06-17,Paracetamol,13
2024-06-17,Ibuprofen,9
2024-06-17,Amoxicillin,17
2024-06-17,Cetirizine,12
2024-06-17,Azithromycin,16
2024-06-17,Metformin,18
2024-06-17,Amlodipine,13
2024-06-17,Pantoprazole,15
2024-06-17,Loratadine,12
2024-06-17,Ciprofloxacin,19
2024-06-18,Paracetamol,13
2024-06-18,Ibuprofen,8
2024-06-18,Amoxicillin,22
2024-06-18,Cetirizine,7
2024-06-18,Azithromycin,20
2024-06-18,Metformin,20
2024-06-18,Amlodipine,11
2024-06-18,Pantoprazole,12
2024-06-18,Loratadine,13
2024-06-18,Ciprofloxacin,20
2024-06-19,Paracetamol,13
2024-06-19,Ibuprofen,11
2024-06-19,Amoxicillin,21
2024-06-19,Cetirizine,15
2024-06-19,Azithromycin,21
2024-06-19,Metformin,14
2024-06-19,Amlodipine,17
2024-06-19,Pantoprazole,20
2024-06-19,Loratadine,11
2024-06-19,Ciprofloxacin,17
2024-06-20,Paracetamol,15
2024-06-20,Ibuprofen,9
2024-06-20,Amoxicillin,13
2024-06-20,Cetirizine,14
2024-06-20,Azithromycin,18
2024-06-20,Metformin,14
2024-06-20,Amlodipine,15
2024-06-20,Pantoprazole,15
2024-06-20,Loratadine,14
2024-06-20,Ciprofloxacin,18
2024-06-21,Paracetamol,13
2024-06-21,Ibuprofen,9
2024-06-21,Amoxicillin,22
2024-06-21,Cetirizine,13
2024-06-21,Azithromycin,17
2024-06-21,Metformin,18
2024-06-21,Amlodipine,13
2024-06-21,Pantoprazole,17
2024-06-21,Loratadine,13
2024-06-21,Ciprofloxacin,25
2024-06-22,Paracetamol,11
2024-06-22,Ibuprofen,8
2024-06-22,Amoxicillin,19
2024-06-22,Cetirizine,11
2024-06-22,Azithromycin,22
2024-06-22,Metformin,10
2024-06-22,Amlodipine,11
2024-06-22,Pantoprazole,11
2024-06-22,Loratadine,14
2024-06-22,Ciprofloxacin,25
2024-06-23,Paracetamol,11
2024-06-23,Ibuprofen,9
2024-06-23,Amoxicillin,20
2024-06-23,Cetirizine,15
2024-06-23,Azithromycin,17
2024-06-23,Metformin,15
2024-06-23,Amlodipine,17
2024-06-23,Pantoprazole,16
2024-06-23,Loratadine,12
2024-06-23,Ciprofloxacin,23
2024-06-24,Paracetamol,3
2024-06-24,Ibuprofen,12
2024-06-24,Amoxicillin,18
2024-06-24,Cetirizine,6
2024-06-24,Azithromycin,21
2024-06-24,Metformin,19
2024-06-24,Amlodipine,14
2024-06-24,Pantoprazole,17
2024-06-24,Loratadine,16
2024-06-24,Ciprofloxacin,23
2024-06-25,Paracetamol,16
2024-06-25,Ibuprofen,12
2024-06-25,Amoxicillin,20
2024-06-25,Cetirizine,7
2024-06-25,Azithromycin,19
2024-06-25,Metformin,12
2024-06-25,Amlodipine,21
2024-06-25,Pantoprazole,14
2024-06-25,Loratadine,12
2024-06-25,Ciprofloxacin,21
2024-06-26,Paracetamol,12
2024-06-26,Ibuprofen,15
2024-06-26,Amoxicillin,18
2024-06-26,Cetirizine,12
2024-06-26,Azithromycin,17
2024-06-26,Metformin,11
2024-06-26,Amlodipine,13
2024-06-26,Pantoprazole,14
2024-06-26,Loratadine,10
2024-06-26,Ciprofloxacin,17
2024-06-27,Paracetamol,7
2024-06-27,Ibuprofen,9
2024-06-27,Amoxicillin,15
2024-06-27,Cetirizine,14
2024-06-27,Azithromycin,20
2024-06-27,Metformin,10
2024-06-27,Amlodipine,14
2024-06-27,Pantoprazole,12
2024-06-27,Loratadine,12
2024-06-27,Ciprofloxacin,24
2024-06-28,Paracetamol,6
2024-06-28,Ibuprofen,10
2024-06-28,Amoxicillin,19
2024-06-28,Cetirizine,14
2024-06-28,Azithromycin,20
2024-06-28,Metformin,12
2024-06-28,Amlodipine,14
2024-06-28,Pantoprazole,12
2024-06-28,Loratadine,15
2024-06-28,Ciprofloxacin,20
2024-06-29,Paracetamol,17
2024-06-29,Ibuprofen,9
2024-06-29,Amoxicillin,17
2024-06-29,Cetirizine,7
2024-06-29,Azithromycin,14
2024-06-29,Metformin,10
2024-06-29,Amlodipine,15
2024-06-29,Pantoprazole,16
2024-06-29,Loratadine,7
2024-06-29,Ciprofloxacin,22
2024-06-30,Paracetamol,10
2024-06-30,Ibuprofen,10
2024-06-30,Amoxicillin,24
2024-06-30,Cetirizine,14
2024-06-30,Azithromycin,19
2024-06-30,Metformin,12
2024-06-30,Amlodipine,8
2024-06-30,Pantoprazole,12
2024-06-30,Loratadine,11
2024-06-30,Ciprofloxacin,17
2024-07-01,Paracetamol,11
2024-07-01,Ibuprofen,10
2024-07-01,Amoxicillin,19
2024-07-01,Cetirizine,10
2024-07-01,Azithromycin,20
2024-07-01,Metformin,16
2024-07-01,Amlodipine,11
2024-07-01,Pantoprazole,19
2024-07-01,Loratadine,11
2024-07-01,Ciprofloxacin,20
2024-07-02,Paracetamol,14
2024-07-02,Ibuprofen,10
2024-07-02,Amoxicillin,22
2024-07-02,Cetirizine,12
2024-07-02,Azithromycin,18
2024-07-02,Metformin,16
2024-07-02,Amlodipine,11
2024-07-02,Pantoprazole,15
2024-07-02,Loratadine,11
2024-07-02,Ciprofloxacin,19
2024-07-03,Paracetamol,11
2024-07-03,Ibuprofen,4
2024-07-03,Amoxicillin,18
2024-07-03,Cetirizine,12
2024-07-03,Azithromycin,20
2024-07-03,Metformin,11
2024-07-03,Amlodipine,18
2024-07-03,Pantoprazole,12
2024-07-03,Loratadine,14
2024-07-03,Ciprofloxacin,21
2024-07-04,Paracetamol,10
2024-07-04,Ibuprofen,15
2024-07-04,Amoxicillin,16
2024-07-04,Cetirizine,14
2024-07-04,Azithromycin,23
2024-07-04,Metformin,12
2024-07-04,Amlodipine,19
2024-07-04,Pantoprazole,14
2024-07-04,Loratadine,12
2024-07-04,Ciprofloxacin,20
2024-07-05,Paracetamol,11
2024-07-05,Ibuprofen,12
2024-07-05,Amoxicillin,22
2024-07-05,Cetirizine,6
2024-07-05,Azithromycin,23
2024-07-05,Metformin,10
2024-07-05,Amlodipine,18
2024-07-05,Pantoprazole,18
2024-07-05,Loratadine,8
2024-07-05,Ciprofloxacin,18
2024-07-06,Paracetamol,8
2024-07-06,Ibuprofen,9
2024-07-06,Amoxicillin,19
2024-07-06,Cetirizine,14
2024-07-06,Azithromycin,23
2024-07-06,Metformin,19
2024-07-06,Amlodipine,13
2024-07-06,Pantoprazole,14
2024-07-06,Loratadine,6
2024-07-06,Ciprofloxacin,17
2024-07-07,Paracetamol,14
2024-07-07,Ibuprofen,14
2024-07-07,Amoxicillin,16
2024-07-07,Cetirizine,10
2024-07-07,Azithromycin,19
2024-07-07,Metformin,15
2024-07-07,Amlodipine,12
2024-07-07,Pantoprazole,16
2024-07-07,Loratadine,10
2024-07-07,Ciprofloxacin,19
2024-07-08,Paracetamol,13
2024-07-08,Ibuprofen,10
2024-07-08,Amoxicillin,18
2024-07-08,Cetirizine,11
2024-07-08,Azithromycin,19
2024-07-08,Metformin,13
2024-07-08,Amlodipine,14
2024-07-08,Pantoprazole,19
2024-07-08,Loratadine,13
2024-07-08,Ciprofloxacin,19
2024-07-09,Paracetamol,14
2024-07-09,Ibuprofen,8
2024-07-09,Amoxicillin,23
2024-07-09,Cetirizine,13
2024-07-09,Azithromycin,19
2024-07-09,Metformin,16
2024-07-09,Amlodipine,10
2024-07-09,Pantoprazole,11
2024-07-09,Loratadine,8
2024-07-09,Ciprofloxacin,20
2024-07-10,Paracetamol,17
2024-07-10,Ibuprofen,16
2024-07-10,Amoxicillin,21
2024-07-10,Cetirizine,13
2024-07-10,Azithromycin,14
2024-07-10,Metformin,13
2024-07-10,Amlodipine,12
2024-07-10,Pantoprazole,13
2024-07-10,Loratadine,11
2024-07-10,Ciprofloxacin,18
2024-07-11,Paracetamol,6
2024-07-11,Ibuprofen,12
2024-07-11,Amoxicillin,16
2024-07-11,Cetirizine,12
2024-07-11,Azithromycin,26
2024-07-11,Metformin,12
2024-07-11,Amlodipine,7
2024-07-11,Pantoprazole,14
2024-07-11,Loratadine,15
2024-07-11,Ciprofloxacin,25
2024-07-12,Paracetamol,8
2024-07-12,Ibuprofen,11
2024-07-12,Amoxicillin,18
2024-07-12,Cetirizine,11
2024-07-12,Azithromycin,27
2024-07-12,Metformin,10
2024-07-12,Amlodipine,15
2024-07-12,Pantoprazole,16
2024-07-12,Loratadine,15
2024-07-12,Ciprofloxacin,20
2024-07-13,Paracetamol,12
2024-07-13,Ibuprofen,8
2024-07-13,Amoxicillin,20
2024-07-13,Cetirizine,10
2024-07-13,Azithromycin,21
2024-07-13,Metformin,13
2024-07-13,Amlodipine,16
2024-07-13,Pantoprazole,14
2024-07-13,Loratadine,15
2024-07-13,Ciprofloxacin,19
2024-07-14,Paracetamol,6
2024-07-14,Ibuprofen,13
2024-07-14,Amoxicillin,17
2024-07-14,Cetirizine,10
2024-07-14,Azithromycin,18
2024-07-14,Metformin,19
2024-07-14,Amlodipine,8
2024-07-14,Pantoprazole,24
2024-07-14,Loratadine,15
2024-07-14,Ciprofloxacin,20
2024-07-15,Paracetamol,11
2024-07-15,Ibuprofen,10
2024-07-15,Amoxicillin,21
2024-07-15,Cetirizine,13
2024-07-15,Azithromycin,21
2024-07-15,Metformin,15
2024-07-15,Amlodipine,14
2024-07-15,Pantoprazole,14
2024-07-15,Loratadine,11
2024-07-15,Ciprofloxacin,23
2024-07-16,Paracetamol,13
2024-07-16,Ibuprofen,1
2024-07-16,Amoxicillin,21
2024-07-16,Cetirizine,12
2024-07-16,Azithromycin,19
2024-07-16,Metformin,13
2024-07-16,Amlodipine,18
2024-07-16,Pantoprazole,17
2024-07-16,Loratadine,9
2024-07-16,Ciprofloxacin,21
2024-07-17,Paracetamol,9
2024-07-17,Ibuprofen,5
2024-07-17,Amoxicillin,18
2024-07-17,Cetirizine,14
2024-07-17,Azithromycin,22
2024-07-17,Metformin,16
2024-07-17,Amlodipine,17
2024-07-17,Pantoprazole,16
2024-07-17,Loratadine,10
2024-07-17,Ciprofloxacin,21
2024-07-18,Paracetamol,14
2024-07-18,Ibuprofen,12
2024-07-18,Amoxicillin,23
2024-07-18,Cetirizine,14
2024-07-18,Azithromycin,21
2024-07-18,Metformin,18
2024-07-18,Amlodipine,14
2024-07-18,Pantoprazole,12
2024-07-18,Loratadine,11
2024-07-18,Ciprofloxacin,17
2024-07-19,Paracetamol,9
2024-07-19,Ibuprofen,9
2024-07-19,Amoxicillin,17
2024-07-19,Cetirizine,11
2024-07-19,Azithromycin,14
2024-07-19,Metformin,15
2024-07-19,Amlodipine,15
2024-07-19,Pantoprazole,12
2024-07-19,Loratadine,13
2024-07-19,Ciprofloxacin,22
2024-07-20,Paracetamol,7
2024-07-20,Ibuprofen,7
2024-07-20,Amoxicillin,17
2024-07-20,Cetirizine,9
2024-07-20,Azithromycin,22
2024-07-20,Metformin,14
2024-07-20,Amlodipine,14
2024-07-20,Pantoprazole,8
2024-07-20,Loratadine,13
2024-07-20,Ciprofloxacin,16
2024-07-21,Paracetamol,12
2024-07-21,Ibuprofen,10
2024-07-21,Amoxicillin,24
2024-07-21,Cetirizine,8
2024-07-21,Azithromycin,10
2024-07-21,Metformin,15
2024-07-21,Amlodipine,20
2024-07-21,Pantoprazole,18
2024-07-21,Loratadine,12
2024-07-21,Ciprofloxacin,18
2024-07-22,Paracetamol,14
2024-07-22,Ibuprofen,7
2024-07-22,Amoxicillin,21
2024-07-22,Cetirizine,13
2024-07-22,Azithromycin,23
2024-07-22,Metformin,23
2024-07-22,Amlodipine,16
2024-07-22,Pantoprazole,13
2024-07-22,Loratadine,11
2024-07-22,Ciprofloxacin,14
2024-07-23,Paracetamol,9
2024-07-23,Ibuprofen,8
2024-07-23,Amoxicillin,18
2024-07-23,Cetirizine,12
2024-07-23,Azithromycin,17
2024-07-23,Metformin,18
2024-07-23,Amlodipine,15
2024-07-23,Pantoprazole,14
2024-07-23,Loratadine,11
2024-07-23,Ciprofloxacin,20
2024-07-24,Paracetamol,14
2024-07-24,Ibuprofen,7
2024-07-24,Amoxicillin,18
2024-07-24,Cetirizine,11
2024-07-24,Azithromycin,15
2024-07-24,Metformin,12
2024-07-24,Amlodipine,13
2024-07-24,Pantoprazole,17
2024-07-24,Loratadine,12
2024-07-24,Ciprofloxacin,20
2024-07-25,Paracetamol,14
2024-07-25,Ibuprofen,9
2024-07-25,Amoxicillin,21
2024-07-25,Cetirizine,11
2024-07-25,Azithromycin,20
2024-07-25,Metformin,13
2024-07-25,Amlodipine,7
2024-07-25,Pantoprazole,14
2024-07-25,Loratadine,16
2024-07-25,Ciprofloxacin,22
2024-07-26,Paracetamol,14
2024-07-26,Ibuprofen,13
2024-07-26,Amoxicillin,20
2024-07-26,Cetirizine,12
2024-07-26,Azithromycin,18
2024-07-26,Metformin,14
2024-07-26,Amlodipine,16
2024-07-26,Pantoprazole,18
2024-07-26,Loratadine,11
2024-07-26,Ciprofloxacin,18
2024-07-27,Paracetamol,12
2024-07-27,Ibuprofen,11
2024-07-27,Amoxicillin,15
2024-07-27,Cetirizine,5
2024-07-27,Azithromycin,18
2024-07-27,Metformin,11
2024-07-27,Amlodipine,13
2024-07-27,Pantoprazole,14
2024-07-27,Loratadine,10
2024-07-27,Ciprofloxacin,24
2024-07-28,Paracetamol,12
2024-07-28,Ibuprofen,10
2024-07-28,Amoxicillin,21
2024-07-28,Cetirizine,8
2024-07-28,Azithromycin,23
2024-07-28,Metformin,14
2024-07-28,Amlodipine,17
2024-07-28,Pantoprazole,11
2024-07-28,Loratadine,7
2024-07-28,Ciprofloxacin,22
2024-07-29,Paracetamol,13
2024-07-29,Ibuprofen,7
2024-07-29,Amoxicillin,17
2024-07-29,Cetirizine,15
2024-07-29,Azithromycin,16
2024-07-29,Metformin,19
2024-07-29,Amlodipine,12
2024-07-29,Pantoprazole,16
2024-07-29,Loratadine,11
2024-07-29,Ciprofloxacin,21
2024-07-30,Paracetamol,10
2024-07-30,Ibuprofen,9
2024-07-30,Amoxicillin,20
2024-07-30,Cetirizine,8
2024-07-30,Azithromycin,22
2024-07-30,Metformin,13
2024-07-30,Amlodipine,14
2024-07-30,Pantoprazole,12
2024-07-30,Loratadine,4
2024-07-30,Ciprofloxacin,19
2024-07-31,Paracetamol,19
2024-07-31,Ibuprofen,12
2024-07-31,Amoxicillin,19
2024-07-31,Cetirizine,11
2024-07-31,Azithromycin,20
2024-07-31,Metformin,16
2024-07-31,Amlodipine,11
2024-07-31,Pantoprazole,18
2024-07-31,Loratadine,14
2024-07-31,Ciprofloxacin,22
2024-08-01,Paracetamol,13
2024-08-01,Ibuprofen,10
2024-08-01,Amoxicillin,22
2024-08-01,Cetirizine,13
2024-08-01,Azithromycin,18
2024-08-01,Metformin,13
2024-08-01,Amlodipine,15
2024-08-01,Pantoprazole,19
2024-08-01,Loratadine,8
2024-08-01,Ciprofloxacin,15
2024-08-02,Paracetamol,12
2024-08-02,Ibuprofen,10
2024-08-02,Amoxicillin,20
2024-08-02,Cetirizine,12
2024-08-02,Azithromycin,19
2024-08-02,Metformin,19
2024-08-02,Amlodipine,10
2024-08-02,Pantoprazole,12
2024-08-02,Loratadine,11
2024-08-02,Ciprofloxacin,15
2024-08-03,Paracetamol,11
2024-08-03,Ibuprofen,14
2024-08-03,Amoxicillin,20
2024-08-03,Cetirizine,12
2024-08-03,Azithromycin,16
2024-08-03,Metformin,13
2024-08-03,Amlodipine,13
2024-08-03,Pantoprazole,14
2024-08-03,Loratadine,15
2024-08-03,Ciprofloxacin,21
2024-08-04,Paracetamol,8
2024-08-04,Ibuprofen,10
2024-08-04,Amoxicillin,21
2024-08-04,Cetirizine,15
2024-08-04,Azithromycin,24
2024-08-04,Metformin,11
2024-08-04,Amlodipine,12
2024-08-04,Pantoprazole,11
2024-08-04,Loratadine,11
2024-08-04,Ciprofloxacin,21
2024-08-05,Paracetamol,14
2024-08-05,Ibuprofen,9
2024-08-05,Amoxicillin,19
2024-08-05,Cetirizine,12
2024-08-05,Azithromycin,17
2024-08-05,Metformin,21
2024-08-05,Amlodipine,10
2024-08-05,Pantoprazole,15
2024-08-05,Loratadine,18
2024-08-05,Ciprofloxacin,20
2024-08-06,Paracetamol,11
2024-08-06,Ibuprofen,8
2024-08-06,Amoxicillin,19
2024-08-06,Cetirizine,16
2024-08-06,Azithromycin,13
2024-08-06,Metformin,19
2024-08-06,Amlodipine,10
2024-08-06,Pantoprazole,14
2024-08-06,Loratadine,10
2024-08-06,Ciprofloxacin,21
2024-08-07,Paracetamol,7
2024-08-07,Ibuprofen,11
2024-08-07,Amoxicillin,26
2024-08-07,Cetirizine,7
2024-08-07,Azithromycin,20
2024-08-07,Metformin,13
2024-08-07,Amlodipine,16
2024-08-07,Pantoprazole,15
2024-08-07,Loratadine,10
2024-08-07,Ciprofloxacin,21
2024-08-08,Paracetamol,17
2024-08-08,Ibuprofen,9
2024-08-08,Amoxicillin,22
2024-08-08,Cetirizine,8
2024-08-08,Azithromycin,17
2024-08-08,Metformin,16
2024-08-08,Amlodipine,19
2024-08-08,Pantoprazole,16
2024-08-08,Loratadine,11
2024-08-08,Ciprofloxacin,19
2024-08-09,Paracetamol,8
2024-08-09,Ibuprofen,11
2024-08-09,Amoxicillin,22
2024-08-09,Cetirizine,10
2024-08-09,Azithromycin,18
2024-08-09,Metformin,15
2024-08-09,Amlodipine,13
2024-08-09,Pantoprazole,14
2024-08-09,Loratadine,18
2024-08-09,Ciprofloxacin,19
2024-08-10,Paracetamol,10
2024-08-10,Ibuprofen,8
2024-08-10,Amoxicillin,22
2024-08-10,Cetirizine,11
2024-08-10,Azithromycin,18
2024-08-10,Metformin,18
2024-08-10,Amlodipine,19
2024-08-10,Pantoprazole,13
2024-08-10,Loratadine,6
2024-08-10,Ciprofloxacin,23
2024-08-11,Paracetamol,9
2024-08-11,Ibuprofen,12
2024-08-11,Amoxicillin,14
2024-08-11,Cetirizine,14
2024-08-11,Azithromycin,16
2024-08-11,Metformin,17
2024-08-11,Amlodipine,15
2024-08-11,Pantoprazole,12
2024-08-11,Loratadine,10
2024-08-11,Ciprofloxacin,22
2024-08-12,Paracetamol,12
2024-08-12,Ibuprofen,11
2024-08-12,Amoxicillin,25
2024-08-12,Cetirizine,7
2024-08-12,Azithromycin,24
2024-08-12,Metformin,15
2024-08-12,Amlodipine,12
2024-08-12,Pantoprazole,11
2024-08-12,Loratadine,11
2024-08-12,Ciprofloxacin,22
2024-08-13,Paracetamol,11
2024-08-13,Ibuprofen,14
2024-08-13,Amoxicillin,15
2024-08-13,Cetirizine,11
2024-08-13,Azithromycin,16
2024-08-13,Metformin,16
2024-08-13,Amlodipine,17
2024-08-13,Pantoprazole,13
2024-08-13,Loratadine,4
2024-08-13,Ciprofloxacin,20
2024-08-14,Paracetamol,13
2024-08-14,Ibuprofen,11
2024-08-14,Amoxicillin,23
2024-08-14,Cetirizine,8
2024-08-14,Azithromycin,22
2024-08-14,Metformin,18
2024-08-14,Amlodipine,9
2024-08-14,Pantoprazole,15
2024-08-14,Loratadine,10
2024-08-14,Ciprofloxacin,19
2024-08-15,Paracetamol,13
2024-08-15,Ibuprofen,8
2024-08-15,Amoxicillin,17
2024-08-15,Cetirizine,12
2024-08-15,Azithromycin,16
2024-08-15,Metformin,11
2024-08-15,Amlodipine,17
2024-08-15,Pantoprazole,11
2024-08-15,Loratadine,13
2024-08-15,Ciprofloxacin,21
2024-08-16,Paracetamol,6
2024-08-16,Ibuprofen,7
2024-08-16,Amoxicillin,23
2024-08-16,Cetirizine,9
2024-08-16,Azithromycin,18
2024-08-16,Metformin,16
2024-08-16,Amlodipine,17
2024-08-16,Pantoprazole,14
2024-08-16,Loratadine,10
2024-08-16,Ciprofloxacin,24
2024-08-17,Paracetamol,17
2024-08-17,Ibuprofen,12
2024-08-17,Amoxicillin,20
2024-08-17,Cetirizine,9
2024-08-17,Azithromycin,17
2024-08-17,Metformin,16
2024-08-17,Amlodipine,16
2024-08-17,Pantoprazole,19
2024-08-17,Loratadine,13
2024-08-17,Ciprofloxacin,15
2024-08-18,Paracetamol,15
2024-08-18,Ibuprofen,7
2024-08-18,Amoxicillin,18
2024-08-18,Cetirizine,12
2024-08-18,Azithromycin,25
2024-08-18,Metformin,24
2024-08-18,Amlodipine,16
2024-08-18,Pantoprazole,14
2024-08-18,Loratadine,13
2024-08-18,Ciprofloxacin,22
2024-08-19,Paracetamol,11
2024-08-19,Ibuprofen,15
2024-08-19,Amoxicillin,20
2024-08-19,Cetirizine,13
2024-08-19,Azithromycin,21
2024-08-19,Metformin,16
2024-08-19,Amlodipine,17
2024-08-19,Pantoprazole,13
2024-08-19,Loratadine,10
2024-08-19,Ciprofloxacin,16
2024-08-20,Paracetamol,13
2024-08-20,Ibuprofen,12
2024-08-20,Amoxicillin,21
2024-08-20,Cetirizine,17
2024-08-20,Azithromycin,19
2024-08-20,Metformin,17
2024-08-20,Amlodipine,11
2024-08-20,Pantoprazole,13
2024-08-20,Loratadine,14
2024-08-20,Ciprofloxacin,22
2024-08-21,Paracetamol,11
2024-08-21,Ibuprofen,9
2024-08-21,Amoxicillin,15
2024-08-21,Cetirizine,10
2024-08-21,Azithromycin,22
2024-08-21,Metformin,16
2024-08-21,Amlodipine,16
2024-08-21,Pantoprazole,15
2024-08-21,Loratadine,12
2024-08-21,Ciprofloxacin,18
2024-08-22,Paracetamol,14
2024-08-22,Ibuprofen,11
2024-08-22,Amoxicillin,21
2024-08-22,Cetirizine,10
2024-08-22,Azithromycin,13
2024-08-22,Metformin,18
2024-08-22,Amlodipine,13
2024-08-22,Pantoprazole,12
2024-08-22,Loratadine,14
2024-08-22,Ciprofloxacin,18
2024-08-23,Paracetamol,15
2024-08-23,Ibuprofen,11
2024-08-23,Amoxicillin,22
2024-08-23,Cetirizine,7
2024-08-23,Azithromycin,23
2024-08-23,Metformin,15
2024-08-23,Amlodipine,13
2024-08-23,Pantoprazole,15
2024-08-23,Loratadine,6
2024-08-23,Ciprofloxacin,21
2024-08-24,Paracetamol,8
2024-08-24,Ibuprofen,5
2024-08-24,Amoxicillin,15
2024-08-24,Cetirizine,15
2024-08-24,Azithromycin,18
2024-08-24,Metformin,19
2024-08-24,Amlodipine,13
2024-08-24,Pantoprazole,9
2024-08-24,Loratadine,8
2024-08-24,Ciprofloxacin,23
2024-08-25,Paracetamol,11
2024-08-25,Ibuprofen,8
2024-08-25,Amoxicillin,20
2024-08-25,Cetirizine,13
2024-08-25,Azithromycin,23
2024-08-25,Metformin,19
2024-08-25,Amlodipine,13
2024-08-25,Pantoprazole,11
2024-08-25,Loratadine,10
2024-08-25,Ciprofloxacin,20
2024-08-26,Paracetamol,9
2024-08-26,Ibuprofen,7
2024-08-26,Amoxicillin,21
2024-08-26,Cetirizine,11
2024-08-26,Azithromycin,20
2024-08-26,Metformin,12
2024-08-26,Amlodipine,14
2024-08-26,Pantoprazole,12
2024-08-26,Loratadine,14
2024-08-26,Ciprofloxacin,23
2024-08-27,Paracetamol,6
2024-08-27,Ibuprofen,7
2024-08-27,Amoxicillin,15
2024-08-27,Cetirizine,10
2024-08-27,Azithromycin,19
2024-08-27,Metformin,10
2024-08-27,Amlodipine,12
2024-08-27,Pantoprazole,11
2024-08-27,Loratadine,12
2024-08-27,Ciprofloxacin,20
2024-08-28,Paracetamol,9
2024-08-28,Ibuprofen,10
2024-08-28,Amoxicillin,18
2024-08-28,Cetirizine,11
2024-08-28,Azithromycin,25
2024-08-28,Metformin,19
2024-08-28,Amlodipine,11
2024-08-28,Pantoprazole,17
2024-08-28,Loratadine,14
2024-08-28,Ciprofloxacin,16
2024-08-29,Paracetamol,14
2024-08-29,Ibuprofen,14
2024-08-29,Amoxicillin,16
2024-08-29,Cetirizine,9
2024-08-29,Azithromycin,23
2024-08-29,Metformin,15
2024-08-29,Amlodipine,16
2024-08-29,Pantoprazole,16
2024-08-29,Loratadine,13
2024-08-29,Ciprofloxacin,16
2024-08-30,Paracetamol,15
2024-08-30,Ibuprofen,13
2024-08-30,Amoxicillin,19
2024-08-30,Cetirizine,11
2024-08-30,Azithromycin,15
2024-08-30,Metformin,16
2024-08-30,Amlodipine,16
2024-08-30,Pantoprazole,14
2024-08-30,Loratadine,15
2024-08-30,Ciprofloxacin,18
2024-08-31,Paracetamol,13
2024-08-31,Ibuprofen,6
2024-08-31,Amoxicillin,19
2024-08-31,Cetirizine,11
2024-08-31,Azithromycin,20
2024-08-31,Metformin,13
2024-08-31,Amlodipine,14
2024-08-31,Pantoprazole,17
2024-08-31,Loratadine,10
2024-08-31,Ciprofloxacin,15
2024-09-01,Paracetamol,17
2024-09-01,Ibuprofen,14
2024-09-01,Amoxicillin,6
2024-09-01,Cetirizine,14
2024-09-01,Azithromycin,8
2024-09-01,Metformin,15
2024-09-01,Amlodipine,15
2024-09-01,Pantoprazole,14
2024-09-01,Loratadine,9
2024-09-01,Ciprofloxacin,7
2024-09-02,Paracetamol,9
2024-09-02,Ibuprofen,7
2024-09-02,Amoxicillin,9
2024-09-02,Cetirizine,9
2024-09-02,Azithromycin,12
2024-09-02,Metformin,19
2024-09-02,Amlodipine,13
2024-09-02,Pantoprazole,15
2024-09-02,Loratadine,13
2024-09-02,Ciprofloxacin,11
2024-09-03,Paracetamol,12
2024-09-03,Ibuprofen,12
2024-09-03,Amoxicillin,11
2024-09-03,Cetirizine,8
2024-09-03,Azithromycin,12
2024-09-03,Metformin,17
2024-09-03,Amlodipine,12
2024-09-03,Pantoprazole,15
2024-09-03,Loratadine,14
2024-09-03,Ciprofloxacin,9
2024-09-04,Paracetamol,15
2024-09-04,Ibuprofen,17
2024-09-04,Amoxicillin,7
2024-09-04,Cetirizine,7
2024-09-04,Azithromycin,10
2024-09-04,Metformin,17
2024-09-04,Amlodipine,14
2024-09-04,Pantoprazole,19
2024-09-04,Loratadine,7
2024-09-04,Ciprofloxacin,12
2024-09-05,Paracetamol,10
2024-09-05,Ibuprofen,15
2024-09-05,Amoxicillin,15
2024-09-05,Cetirizine,9
2024-09-05,Azithromycin,8
2024-09-05,Metformin,17
2024-09-05,Amlodipine,13
2024-09-05,Pantoprazole,14
2024-09-05,Loratadine,12
2024-09-05,Ciprofloxacin,4
2024-09-06,Paracetamol,11
2024-09-06,Ibuprofen,7
2024-09-06,Amoxicillin,8
2024-09-06,Cetirizine,16
2024-09-06,Azithromycin,6
2024-09-06,Metformin,17
2024-09-06,Amlodipine,14
2024-09-06,Pantoprazole,14
2024-09-06,Loratadine,14
2024-09-06,Ciprofloxacin,11
2024-09-07,Paracetamol,13
2024-09-07,Ibuprofen,12
2024-09-07,Amoxicillin,9
2024-09-07,Cetirizine,10
2024-09-07,Azithromycin,6
2024-09-07,Metformin,12
2024-09-07,Amlodipine,23
2024-09-07,Pantoprazole,18
2024-09-07,Loratadine,7
2024-09-07,Ciprofloxacin,6
2024-09-08,Paracetamol,13
2024-09-08,Ibuprofen,11
2024-09-08,Amoxicillin,11
2024-09-08,Cetirizine,11
2024-09-08,Azithromycin,9
2024-09-08,Metformin,15
2024-09-08,Amlodipine,15
2024-09-08,Pantoprazole,8
2024-09-08,Loratadine,11
2024-09-08,Ciprofloxacin,7
2024-09-09,Paracetamol,12
2024-09-09,Ibuprofen,18
2024-09-09,Amoxicillin,11
2024-09-09,Cetirizine,11
2024-09-09,Azithromycin,12
2024-09-09,Metformin,16
2024-09-09,Amlodipine,16
2024-09-09,Pantoprazole,16
2024-09-09,Loratadine,18
2024-09-09,Ciprofloxacin,6
2024-09-10,Paracetamol,13
2024-09-10,Ibuprofen,7
2024-09-10,Amoxicillin,11
2024-09-10,Cetirizine,9
2024-09-10,Azithromycin,8
2024-09-10,Metformin,14
2024-09-10,Amlodipine,17
2024-09-10,Pantoprazole,17
2024-09-10,Loratadine,8
2024-09-10,Ciprofloxacin,10
2024-09-11,Paracetamol,9
2024-09-11,Ibuprofen,6
2024-09-11,Amoxicillin,9
2024-09-11,Cetirizine,11
2024-09-11,Azithromycin,17
2024-09-11,Metformin,16
2024-09-11,Amlodipine,10
2024-09-11,Pantoprazole,13
2024-09-11,Loratadine,15
2024-09-11,Ciprofloxacin,16
2024-09-12,Paracetamol,7
2024-09-12,Ibuprofen,4
2024-09-12,Amoxicillin,15
2024-09-12,Cetirizine,13
2024-09-12,Azithromycin,7
2024-09-12,Metformin,16
2024-09-12,Amlodipine,7
2024-09-12,Pantoprazole,15
2024-09-12,Loratadine,12
2024-09-12,Ciprofloxacin,12
2024-09-13,Paracetamol,8
2024-09-13,Ibuprofen,10
2024-09-13,Amoxicillin,7
2024-09-13,Cetirizine,12
2024-09-13,Azithromycin,7
2024-09-13,Metformin,13
2024-09-13,Amlodipine,12
2024-09-13,Pantoprazole,16
2024-09-13,Loratadine,14
2024-09-13,Ciprofloxacin,9
2024-09-14,Paracetamol,12
2024-09-14,Ibuprofen,5
2024-09-14,Amoxicillin,9
2024-09-14,Cetirizine,11
2024-09-14,Azithromycin,17
2024-09-14,Metformin,11
2024-09-14,Amlodipine,19
2024-09-14,Pantoprazole,17
2024-09-14,Loratadine,12
2024-09-14,Ciprofloxacin,15
2024-09-15,Paracetamol,13
2024-09-15,Ibuprofen,11
2024-09-15,Amoxicillin,9
2024-09-15,Cetirizine,15
2024-09-15,Azithromycin,13
2024-09-15,Metformin,13
2024-09-15,Amlodipine,11
2024-09-15,Pantoprazole,14
2024-09-15,Loratadine,9
2024-09-15,Ciprofloxacin,9
2024-09-16,Paracetamol,15
2024-09-16,Ibuprofen,8
2024-09-16,Amoxicillin,9
2024-09-16,Cetirizine,12
2024-09-16,Azithromycin,12
2024-09-16,Metformin,8
2024-09-16,Amlodipine,13
2024-09-16,Pantoprazole,15
2024-09-16,Loratadine,15
2024-09-16,Ciprofloxacin,8
2024-09-17,Paracetamol,6
2024-09-17,Ibuprofen,11
2024-09-17,Amoxicillin,8
2024-09-17,Cetirizine,8
2024-09-17,Azithromycin,8
2024-09-17,Metformin,14
2024-09-17,Amlodipine,13
2024-09-17,Pantoprazole,8
2024-09-17,Loratadine,14
2024-09-17,Ciprofloxacin,13
2024-09-18,Paracetamol,13
2024-09-18,Ibuprofen,6
2024-09-18,Amoxicillin,9
2024-09-18,Cetirizine,11
2024-09-18,Azithromycin,11
2024-09-18,Metformin,17
2024-09-18,Amlodipine,12
2024-09-18,Pantoprazole,15
2024-09-18,Loratadine,13
2024-09-18,Ciprofloxacin,14
2024-09-19,Paracetamol,14
2024-09-19,Ibuprofen,12
2024-09-19,Amoxicillin,10
2024-09-19,Cetirizine,16
2024-09-19,Azithromycin,11
2024-09-19,Metformin,12
2024-09-19,Amlodipine,19
2024-09-19,Pantoprazole,17
2024-09-19,Loratadine,10
2024-09-19,Ciprofloxacin,8
2024-09-20,Paracetamol,12
2024-09-20,Ibuprofen,11
2024-09-20,Amoxicillin,10
2024-09-20,Cetirizine,12
2024-09-20,Azithromycin,15
2024-09-20,Metformin,18
2024-09-20,Amlodipine,15
2024-09-20,Pantoprazole,17
2024-09-20,Loratadine,8
2024-09-20,Ciprofloxacin,11
2024-09-21,Paracetamol,17
2024-09-21,Ibuprofen,9
2024-09-21,Amoxicillin,7
2024-09-21,Cetirizine,10
2024-09-21,Azithromycin,6
2024-09-21,Metformin,12
2024-09-21,Amlodipine,13
2024-09-21,Pantoprazole,10
2024-09-21,Loratadine,12
2024-09-21,Ciprofloxacin,12
2024-09-22,Paracetamol,9
2024-09-22,Ibuprofen,14
2024-09-22,Amoxicillin,11
2024-09-22,Cetirizine,15
2024-09-22,Azithromycin,8
2024-09-22,Metformin,17
2024-09-22,Amlodipine,11
2024-09-22,Pantoprazole,17
2024-09-22,Loratadine,12
2024-09-22,Ciprofloxacin,11
2024-09-23,Paracetamol,8
2024-09-23,Ibuprofen,7
2024-09-23,Amoxicillin,11
2024-09-23,Cetirizine,9
2024-09-23,Azithromycin,11
2024-09-23,Metformin,10
2024-09-23,Amlodipine,17
2024-09-23,Pantoprazole,11
2024-09-23,Loratadine,13
2024-09-23,Ciprofloxacin,11
2024-09-24,Paracetamol,9
2024-09-24,Ibuprofen,11
2024-09-24,Amoxicillin,10
2024-09-24,Cetirizine,10
2024-09-24,Azithromycin,6
2024-09-24,Metformin,9
2024-09-24,Amlodipine,16
2024-09-24,Pantoprazole,10
2024-09-24,Loratadine,12
2024-09-24,Ciprofloxacin,9
2024-09-25,Paracetamol,14
2024-09-25,Ibuprofen,9
2024-09-25,Amoxicillin,9
2024-09-25,Cetirizine,14
2024-09-25,Azithromycin,11
2024-09-25,Metformin,15
2024-09-25,Amlodipine,16
2024-09-25,Pantoprazole,10
2024-09-25,Loratadine,14
2024-09-25,Ciprofloxacin,11
2024-09-26,Paracetamol,8
2024-09-26,Ibuprofen,9
2024-09-26,Amoxicillin,9
2024-09-26,Cetirizine,11
2024-09-26,Azithromycin,11
2024-09-26,Metformin,19
2024-09-26,Amlodipine,18
2024-09-26,Pantoprazole,11
2024-09-26,Loratadine,13
2024-09-26,Ciprofloxacin,13
2024-09-27,Paracetamol,13
2024-09-27,Ibuprofen,13
2024-09-27,Amoxicillin,16
2024-09-27,Cetirizine,15
2024-09-27,Azithromycin,10
2024-09-27,Metformin,18
2024-09-27,Amlodipine,15
2024-09-27,Pantoprazole,15
2024-09-27,Loratadine,10
2024-09-27,Ciprofloxacin,14
2024-09-28,Paracetamol,9
2024-09-28,Ibuprofen,14
2024-09-28,Amoxicillin,11
2024-09-28,Cetirizine,7
2024-09-28,Azithromycin,11
2024-09-28,Metformin,8
2024-09-28,Amlodipine,16
2024-09-28,Pantoprazole,17
2024-09-28,Loratadine,10
2024-09-28,Ciprofloxacin,10
2024-09-29,Paracetamol,17
2024-09-29,Ibuprofen,8
2024-09-29,Amoxicillin,6
2024-09-29,Cetirizine,16
2024-09-29,Azithromycin,15
2024-09-29,Metformin,15
2024-09-29,Amlodipine,18
2024-09-29,Pantoprazole,19
2024-09-29,Loratadine,9
2024-09-29,Ciprofloxacin,8
2024-09-30,Paracetamol,15
2024-09-30,Ibuprofen,15
2024-09-30,Amoxicillin,11
2024-09-30,Cetirizine,9
2024-09-30,Azithromycin,15
2024-09-30,Metformin,13
2024-09-30,Amlodipine,13
2024-09-30,Pantoprazole,16
2024-09-30,Loratadine,16
2024-09-30,Ciprofloxacin,12
2024-10-01,Paracetamol,13
2024-10-01,Ibuprofen,11
2024-10-01,Amoxicillin,10
2024-10-01,Cetirizine,13
2024-10-01,Azithromycin,2
2024-10-01,Metformin,14
2024-10-01,Amlodipine,15
2024-10-01,Pantoprazole,11
2024-10-01,Loratadine,13
2024-10-01,Ciprofloxacin,9
2024-10-02,Paracetamol,17
2024-10-02,Ibuprofen,14
2024-10-02,Amoxicillin,8
2024-10-02,Cetirizine,11
2024-10-02,Azithromycin,9
2024-10-02,Metformin,13
2024-10-02,Amlodipine,15
2024-10-02,Pantoprazole,12
2024-10-02,Loratadine,8
2024-10-02,Ciprofloxacin,11
2024-10-03,Paracetamol,13
2024-10-03,Ibuprofen,7
2024-10-03,Amoxicillin,12
2024-10-03,Cetirizine,10
2024-10-03,Azithromycin,10
2024-10-03,Metformin,17
2024-10-03,Amlodipine,14
2024-10-03,Pantoprazole,16
2024-10-03,Loratadine,10
2024-10-03,Ciprofloxacin,9
2024-10-04,Paracetamol,11
2024-10-04,Ibuprofen,7
2024-10-04,Amoxicillin,9
2024-10-04,Cetirizine,7
2024-10-04,Azithromycin,8
2024-10-04,Metformin,14
2024-10-04,Amlodipine,14
2024-10-04,Pantoprazole,14
2024-10-04,Loratadine,11
2024-10-04,Ciprofloxacin,11
2024-10-05,Paracetamol,14
2024-10-05,Ibuprofen,8
2024-10-05,Amoxicillin,6
2024-10-05,Cetirizine,8
2024-10-05,Azithromycin,8
2024-10-05,Metformin,13
2024-10-05,Amlodipine,12
2024-10-05,Pantoprazole,11
2024-10-05,Loratadine,10
2024-10-05,Ciprofloxacin,10
2024-10-06,Paracetamol,13
2024-10-06,Ibuprofen,8
2024-10-06,Amoxicillin,8
2024-10-06,Cetirizine,9
2024-10-06,Azithromycin,9
2024-10-06,Metformin,12
2024-10-06,Amlodipine,16
2024-10-06,Pantoprazole,9
2024-10-06,Loratadine,10
2024-10-06,Ciprofloxacin,10
2024-10-07,Paracetamol,12
2024-10-07,Ibuprofen,18
2024-10-07,Amoxicillin,11
2024-10-07,Cetirizine,8
2024-10-07,Azithromycin,9
2024-10-07,Metformin,9
2024-10-07,Amlodipine,14
2024-10-07,Pantoprazole,12
2024-10-07,Loratadine,14
2024-10-07,Ciprofloxacin,8
2024-10-08,Paracetamol,11
2024-10-08,Ibuprofen,8
2024-10-08,Amoxicillin,15
2024-10-08,Cetirizine,11
2024-10-08,Azithromycin,15
2024-10-08,Metformin,17
2024-10-08,Amlodipine,16
2024-10-08,Pantoprazole,16
2024-10-08,Loratadine,13
2024-10-08,Ciprofloxacin,4
2024-10-09,Paracetamol,11
2024-10-09,Ibuprofen,12
2024-10-09,Amoxicillin,9
2024-10-09,Cetirizine,7
2024-10-09,Azithromycin,9
2024-10-09,Metformin,20
2024-10-09,Amlodipine,18
2024-10-09,Pantoprazole,14
2024-10-09,Loratadine,14
2024-10-09,Ciprofloxacin,8
2024-10-10,Paracetamol,6
2024-10-10,Ibuprofen,7
2024-10-10,Amoxicillin,14
2024-10-10,Cetirizine,11
2024-10-10,Azithromycin,9
2024-10-10,Metformin,14
2024-10-10,Amlodipine,20
2024-10-10,Pantoprazole,19
2024-10-10,Loratadine,18
2024-10-10,Ciprofloxacin,9
2024-10-11,Paracetamol,12
2024-10-11,Ibuprofen,5
2024-10-11,Amoxicillin,14
2024-10-11,Cetirizine,8
2024-10-11,Azithromycin,10
2024-10-11,Metformin,11
2024-10-11,Amlodipine,13
2024-10-11,Pantoprazole,12
2024-10-11,Loratadine,10
2024-10-11,Ciprofloxacin,8
2024-10-12,Paracetamol,10
2024-10-12,Ibuprofen,12
2024-10-12,Amoxicillin,6
2024-10-12,Cetirizine,12
2024-10-12,Azithromycin,13
2024-10-12,Metformin,13
2024-10-12,Amlodipine,12
2024-10-12,Pantoprazole,14
2024-10-12,Loratadine,15
2024-10-12,Ciprofloxacin,10
2024-10-13,Paracetamol,10
2024-10-13,Ibuprofen,11
2024-10-13,Amoxicillin,6
2024-10-13,Cetirizine,14
2024-10-13,Azithromycin,11
2024-10-13,Metformin,14
2024-10-13,Amlodipine,12
2024-10-13,Pantoprazole,12
2024-10-13,Loratadine,13
2024-10-13,Ciprofloxacin,13
2024-10-14,Paracetamol,10
2024-10-14,Ibuprofen,11
2024-10-14,Amoxicillin,3
2024-10-14,Cetirizine,10
2024-10-14,Azithromycin,9
2024-10-14,Metformin,12
2024-10-14,Amlodipine,12
2024-10-14,Pantoprazole,12
2024-10-14,Loratadine,12
2024-10-14,Ciprofloxacin,9
2024-10-15,Paracetamol,5
2024-10-15,Ibuprofen,3
2024-10-15,Amoxicillin,8
2024-10-15,Cetirizine,13
2024-10-15,Azithromycin,1
2024-10-15,Metformin,13
2024-10-15,Amlodipine,13
2024-10-15,Pantoprazole,19
2024-10-15,Loratadine,10
2024-10-15,Ciprofloxacin,11
2024-10-16,Paracetamol,12
2024-10-16,Ibuprofen,3
2024-10-16,Amoxicillin,12
2024-10-16,Cetirizine,12
2024-10-16,Azithromycin,11
2024-10-16,Metformin,26
2024-10-16,Amlodipine,8
2024-10-16,Pantoprazole,20
2024-10-16,Loratadine,11
2024-10-16,Ciprofloxacin,10
2024-10-17,Paracetamol,11
2024-10-17,Ibuprofen,8
2024-10-17,Amoxicillin,8
2024-10-17,Cetirizine,12
2024-10-17,Azithromycin,5
2024-10-17,Metformin,17
2024-10-17,Amlodipine,13
2024-10-17,Pantoprazole,11
2024-10-17,Loratadine,10
2024-10-17,Ciprofloxacin,13
2024-10-18,Paracetamol,10
2024-10-18,Ibuprofen,11
2024-10-18,Amoxicillin,7
2024-10-18,Cetirizine,14
2024-10-18,Azithromycin,12
2024-10-18,Metformin,20
2024-10-18,Amlodipine,14
2024-10-18,Pantoprazole,17
2024-10-18,Loratadine,12
2024-10-18,Ciprofloxacin,13
2024-10-19,Paracetamol,9
2024-10-19,Ibuprofen,12
2024-10-19,Amoxicillin,9
2024-10-19,Cetirizine,11
2024-10-19,Azithromycin,10
2024-10-19,Metformin,15
2024-10-19,Amlodipine,14
2024-10-19,Pantoprazole,15
2024-10-19,Loratadine,16
2024-10-19,Ciprofloxacin,12
2024-10-20,Paracetamol,14
2024-10-20,Ibuprofen,8
2024-10-20,Amoxicillin,7
2024-10-20,Cetirizine,14
2024-10-20,Azithromycin,12
2024-10-20,Metformin,19
2024-10-20,Amlodipine,13
2024-10-20,Pantoprazole,14
2024-10-20,Loratadine,7
2024-10-20,Ciprofloxacin,8
2024-10-21,Paracetamol,14
2024-10-21,Ibuprofen,8
2024-10-21,Amoxicillin,11
2024-10-21,Cetirizine,11
2024-10-21,Azithromycin,10
2024-10-21,Metformin,11
2024-10-21,Amlodipine,15
2024-10-21,Pantoprazole,6
2024-10-21,Loratadine,11
2024-10-21,Ciprofloxacin,5
2024-10-22,Paracetamol,15
2024-10-22,Ibuprofen,12
2024-10-22,Amoxicillin,11
2024-10-22,Cetirizine,16
2024-10-22,Azithromycin,7
2024-10-22,Metformin,20
2024-10-22,Amlodipine,17
2024-10-22,Pantoprazole,14
2024-10-22,Loratadine,15
2024-10-22,Ciprofloxacin,6
2024-10-23,Paracetamol,9
2024-10-23,Ibuprofen,8
2024-10-23,Amoxicillin,8
2024-10-23,Cetirizine,8
2024-10-23,Azithromycin,13
2024-10-23,Metformin,14
2024-10-23,Amlodipine,16
2024-10-23,Pantoprazole,13
2024-10-23,Loratadine,6
2024-10-23,Ciprofloxacin,10
2024-10-24,Paracetamol,6
2024-10-24,Ibuprofen,9
2024-10-24,Amoxicillin,5
2024-10-24,Cetirizine,17
2024-10-24,Azithromycin,12
2024-10-24,Metformin,15
2024-10-24,Amlodipine,18
2024-10-24,Pantoprazole,12
2024-10-24,Loratadine,13
2024-10-24,Ciprofloxacin,10
2024-10-25,Paracetamol,12
2024-10-25,Ibuprofen,13
2024-10-25,Amoxicillin,12
2024-10-25,Cetirizine,12
2024-10-25,Azithromycin,5
2024-10-25,Metformin,12
2024-10-25,Amlodipine,14
2024-10-25,Pantoprazole,15
2024-10-25,Loratadine,8
2024-10-25,Ciprofloxacin,17
2024-10-26,Paracetamol,16
2024-10-26,Ibuprofen,11
2024-10-26,Amoxicillin,10
2024-10-26,Cetirizine,11
2024-10-26,Azithromycin,7
2024-10-26,Metformin,15
2024-10-26,Amlodipine,15
2024-10-26,Pantoprazole,11
2024-10-26,Loratadine,13
2024-10-26,Ciprofloxacin,9
2024-10-27,Paracetamol,6
2024-10-27,Ibuprofen,7
2024-10-27,Amoxicillin,8
2024-10-27,Cetirizine,17
2024-10-27,Azithromycin,11
2024-10-27,Metformin,10
2024-10-27,Amlodipine,16
2024-10-27,Pantoprazole,10
2024-10-27,Loratadine,15
2024-10-27,Ciprofloxacin,8
2024-10-28,Paracetamol,11
2024-10-28,Ibuprofen,13
2024-10-28,Amoxicillin,6
2024-10-28,Cetirizine,7
2024-10-28,Azithromycin,8
2024-10-28,Metformin,18
2024-10-28,Amlodipine,10
2024-10-28,Pantoprazole,6
2024-10-28,Loratadine,10
2024-10-28,Ciprofloxacin,11
2024-10-29,Paracetamol,15
2024-10-29,Ibuprofen,8
2024-10-29,Amoxicillin,8
2024-10-29,Cetirizine,15
2024-10-29,Azithromycin,4
2024-10-29,Metformin,13
2024-10-29,Amlodipine,15
2024-10-29,Pantoprazole,16
2024-10-29,Loratadine,10
2024-10-29,Ciprofloxacin,10
2024-10-30,Paracetamol,4
2024-10-30,Ibuprofen,8
2024-10-30,Amoxicillin,11
2024-10-30,Cetirizine,9
2024-10-30,Azithromycin,10
2024-10-30,Metformin,16
2024-10-30,Amlodipine,13
2024-10-30,Pantoprazole,15
2024-10-30,Loratadine,9
2024-10-30,Ciprofloxacin,9
2024-10-31,Paracetamol,13
2024-10-31,Ibuprofen,10
2024-10-31,Amoxicillin,8
2024-10-31,Cetirizine,12
2024-10-31,Azithromycin,12
2024-10-31,Metformin,8
2024-10-31,Amlodipine,18
2024-10-31,Pantoprazole,13
2024-10-31,Loratadine,13
2024-10-31,Ciprofloxacin,13
2024-11-01,Paracetamol,20
2024-11-01,Ibuprofen,7
2024-11-01,Amoxicillin,9
2024-11-01,Cetirizine,22
2024-11-01,Azithromycin,15
2024-11-01,Metformin,12
2024-11-01,Amlodipine,13
2024-11-01,Pantoprazole,15
2024-11-01,Loratadine,21
2024-11-01,Ciprofloxacin,8
2024-11-02,Paracetamol,25
2024-11-02,Ibuprofen,9
2024-11-02,Amoxicillin,9
2024-11-02,Cetirizine,23
2024-11-02,Azithromycin,5
2024-11-02,Metformin,15
2024-11-02,Amlodipine,20
2024-11-02,Pantoprazole,15
2024-11-02,Loratadine,25
2024-11-02,Ciprofloxacin,12
2024-11-03,Paracetamol,21
2024-11-03,Ibuprofen,15
2024-11-03,Amoxicillin,10
2024-11-03,Cetirizine,29
2024-11-03,Azithromycin,7
2024-11-03,Metformin,20
2024-11-03,Amlodipine,17
2024-11-03,Pantoprazole,16
2024-11-03,Loratadine,25
2024-11-03,Ciprofloxacin,9
2024-11-04,Paracetamol,28
2024-11-04,Ibuprofen,10
2024-11-04,Amoxicillin,4
2024-11-04,Cetirizine,21
2024-11-04,Azithromycin,9
2024-11-04,Metformin,15
2024-11-04,Amlodipine,14
2024-11-04,Pantoprazole,18
2024-11-04,Loratadine,19
2024-11-04,Ciprofloxacin,10
2024-11-05,Paracetamol,19
2024-11-05,Ibuprofen,12
2024-11-05,Amoxicillin,9
2024-11-05,Cetirizine,26
2024-11-05,Azithromycin,7
2024-11-05,Metformin,18
2024-11-05,Amlodipine,18
2024-11-05,Pantoprazole,16
2024-11-05,Loratadine,24
2024-11-05,Ciprofloxacin,11
2024-11-06,Paracetamol,22
2024-11-06,Ibuprofen,12
2024-11-06,Amoxicillin,14
2024-11-06,Cetirizine,28
2024-11-06,Azithromycin,7
2024-11-06,Metformin,16
2024-11-06,Amlodipine,11
2024-11-06,Pantoprazole,16
2024-11-06,Loratadine,26
2024-11-06,Ciprofloxacin,4
2024-11-07,Paracetamol,21
2024-11-07,Ibuprofen,9
2024-11-07,Amoxicillin,9
2024-11-07,Cetirizine,21
2024-11-07,Azithromycin,11
2024-11-07,Metformin,15
2024-11-07,Amlodipine,14
2024-11-07,Pantoprazole,12
2024-11-07,Loratadine,28
2024-11-07,Ciprofloxacin,14
2024-11-08,Paracetamol,23
2024-11-08,Ibuprofen,8
2024-11-08,Amoxicillin,11
2024-11-08,Cetirizine,23
2024-11-08,Azithromycin,9
2024-11-08,Metformin,17
2024-11-08,Amlodipine,9
2024-11-08,Pantoprazole,18
2024-11-08,Loratadine,25
2024-11-08,Ciprofloxacin,8
2024-11-09,Paracetamol,24
2024-11-09,Ibuprofen,9
2024-11-09,Amoxicillin,4
2024-11-09,Cetirizine,29
2024-11-09,Azithromycin,10
2024-11-09,Metformin,16
2024-11-09,Amlodipine,17
2024-11-09,Pantoprazole,11
2024-11-09,Loratadine,26
2024-11-09,Ciprofloxacin,9
2024-11-10,Paracetamol,27
2024-11-10,Ibuprofen,3
2024-11-10,Amoxicillin,9
2024-11-10,Cetirizine,23
2024-11-10,Azithromycin,11
2024-11-10,Metformin,16
2024-11-10,Amlodipine,12
2024-11-10,Pantoprazole,12
2024-11-10,Loratadine,24
2024-11-10,Ciprofloxacin,7
2024-11-11,Paracetamol,27
2024-11-11,Ibuprofen,8
2024-11-11,Amoxicillin,1
2024-11-11,Cetirizine,23
2024-11-11,Azithromycin,6
2024-11-11,Metformin,10
2024-11-11,Amlodipine,11
2024-11-11,Pantoprazole,15
2024-11-11,Loratadine,28
2024-11-11,Ciprofloxacin,10
2024-11-12,Paracetamol,23
2024-11-12,Ibuprofen,11
2024-11-12,Amoxicillin,8
2024-11-12,Cetirizine,22
2024-11-12,Azithromycin,6
2024-11-12,Metformin,9
2024-11-12,Amlodipine,13
2024-11-12,Pantoprazole,15
2024-11-12,Loratadine,24
2024-11-12,Ciprofloxacin,8
2024-11-13,Paracetamol,22
2024-11-13,Ibuprofen,11
2024-11-13,Amoxicillin,6
2024-11-13,Cetirizine,27
2024-11-13,Azithromycin,6
2024-11-13,Metformin,12
2024-11-13,Amlodipine,10
2024-11-13,Pantoprazole,13
2024-11-13,Loratadine,27
2024-11-13,Ciprofloxacin,11
2024-11-14,Paracetamol,27
2024-11-14,Ibuprofen,11
2024-11-14,Amoxicillin,6
2024-11-14,Cetirizine,24
2024-11-14,Azithromycin,7
2024-11-14,Metformin,18
2024-11-14,Amlodipine,11
2024-11-14,Pantoprazole,17
2024-11-14,Loratadine,27
2024-11-14,Ciprofloxacin,15
2024-11-15,Paracetamol,23
2024-11-15,Ibuprofen,12
2024-11-15,Amoxicillin,16
2024-11-15,Cetirizine,23
2024-11-15,Azithromycin,5
2024-11-15,Metformin,9
2024-11-15,Amlodipine,17
2024-11-15,Pantoprazole,9
2024-11-15,Loratadine,23
2024-11-15,Ciprofloxacin,11
2024-11-16,Paracetamol,25
2024-11-16,Ibuprofen,11
2024-11-16,Amoxicillin,10
2024-11-16,Cetirizine,28
2024-11-16,Azithromycin,7
2024-11-16,Metformin,12
2024-11-16,Amlodipine,12
2024-11-16,Pantoprazole,17
2024-11-16,Loratadine,27
2024-11-16,Ciprofloxacin,11
2024-11-17,Paracetamol,28
2024-11-17,Ibuprofen,6
2024-11-17,Amoxicillin,15
2024-11-17,Cetirizine,29
2024-11-17,Azithromycin,12
2024-11-17,Metformin,20
2024-11-17,Amlodipine,10
2024-11-17,Pantoprazole,13
2024-11-17,Loratadine,22
2024-11-17,Ciprofloxacin,12
2024-11-18,Paracetamol,21
2024-11-18,Ibuprofen,12
2024-11-18,Amoxicillin,14
2024-11-18,Cetirizine,27
2024-11-18,Azithromycin,10
2024-11-18,Metformin,12
2024-11-18,Amlodipine,12
2024-11-18,Pantoprazole,18
2024-11-18,Loratadine,27
2024-11-18,Ciprofloxacin,9
2024-11-19,Paracetamol,23
2024-11-19,Ibuprofen,3
2024-11-19,Amoxicillin,6
2024-11-19,Cetirizine,30
2024-11-19,Azithromycin,6
2024-11-19,Metformin,15
2024-11-19,Amlodipine,18
2024-11-19,Pantoprazole,11
2024-11-19,Loratadine,25
2024-11-19,Ciprofloxacin,12
2024-11-20,Paracetamol,25
2024-11-20,Ibuprofen,18
2024-11-20,Amoxicillin,4
2024-11-20,Cetirizine,28
2024-11-20,Azithromycin,9
2024-11-20,Metformin,17
2024-11-20,Amlodipine,16
2024-11-20,Pantoprazole,12
2024-11-20,Loratadine,25
2024-11-20,Ciprofloxacin,4
2024-11-21,Paracetamol,26
2024-11-21,Ibuprofen,10
2024-11-21,Amoxicillin,11
2024-11-21,Cetirizine,28
2024-11-21,Azithromycin,11
2024-11-21,Metformin,15
2024-11-21,Amlodipine,12
2024-11-21,Pantoprazole,12
2024-11-21,Loratadine,28
2024-11-21,Ciprofloxacin,14
2024-11-22,Paracetamol,24
2024-11-22,Ibuprofen,10
2024-11-22,Amoxicillin,7
2024-11-22,Cetirizine,28
2024-11-22,Azithromycin,11
2024-11-22,Metformin,20
2024-11-22,Amlodipine,12
2024-11-22,Pantoprazole,13
2024-11-22,Loratadine,25
2024-11-22,Ciprofloxacin,11
2024-11-23,Paracetamol,24
2024-11-23,Ibuprofen,7
2024-11-23,Amoxicillin,12
2024-11-23,Cetirizine,27
2024-11-23,Azithromycin,7
2024-11-23,Metformin,19
2024-11-23,Amlodipine,18
2024-11-23,Pantoprazole,15
2024-11-23,Loratadine,25
2024-11-23,Ciprofloxacin,11
2024-11-24,Paracetamol,22
2024-11-24,Ibuprofen,10
2024-11-24,Amoxicillin,3
2024-11-24,Cetirizine,27
2024-11-24,Azithromycin,5
2024-11-24,Metformin,19
2024-11-24,Amlodipine,14
2024-11-24,Pantoprazole,14
2024-11-24,Loratadine,23
2024-11-24,Ciprofloxacin,9
2024-11-25,Paracetamol,29
2024-11-25,Ibuprofen,2
2024-11-25,Amoxicillin,13
2024-11-25,Cetirizine,26
2024-11-25,Azithromycin,6
2024-11-25,Metformin,11
2024-11-25,Amlodipine,20
2024-11-25,Pantoprazole,12
2024-11-25,Loratadine,21
2024-11-25,Ciprofloxacin,13
2024-11-26,Paracetamol,26
2024-11-26,Ibuprofen,7
2024-11-26,Amoxicillin,10
2024-11-26,Cetirizine,21
2024-11-26,Azithromycin,13
2024-11-26,Metformin,18
2024-11-26,Amlodipine,16
2024-11-26,Pantoprazole,16
2024-11-26,Loratadine,30
2024-11-26,Ciprofloxacin,9
2024-11-27,Paracetamol,21
2024-11-27,Ibuprofen,11
2024-11-27,Amoxicillin,16
2024-11-27,Cetirizine,21
2024-11-27,Azithromycin,8
2024-11-27,Metformin,16
2024-11-27,Amlodipine,14
2024-11-27,Pantoprazole,12
2024-11-27,Loratadine,28
2024-11-27,Ciprofloxacin,16
2024-11-28,Paracetamol,25
2024-11-28,Ibuprofen,7
2024-11-28,Amoxicillin,5
2024-11-28,Cetirizine,25
2024-11-28,Azithromycin,13
2024-11-28,Metformin,16
2024-11-28,Amlodipine,14
2024-11-28,Pantoprazole,13
2024-11-28,Loratadine,21
2024-11-28,Ciprofloxacin,12
2024-11-29,Paracetamol,27
2024-11-29,Ibuprofen,5
2024-11-29,Amoxicillin,14
2024-11-29,Cetirizine,26
2024-11-29,Azithromycin,14
2024-11-29,Metformin,10
2024-11-29,Amlodipine,10
2024-11-29,Pantoprazole,14
2024-11-29,Loratadine,26
2024-11-29,Ciprofloxacin,15
2024-11-30,Paracetamol,27
2024-11-30,Ibuprofen,9
2024-11-30,Amoxicillin,6
2024-11-30,Cetirizine,28
2024-11-30,Azithromycin,7
2024-11-30,Metformin,19
2024-11-30,Amlodipine,14
2024-11-30,Pantoprazole,19
2024-11-30,Loratadine,27
2024-11-30,Ciprofloxacin,9
2024-12-01,Paracetamol,23
2024-12-01,Ibuprofen,8
2024-12-01,Amoxicillin,11
2024-12-01,Cetirizine,25
2024-12-01,Azithromycin,8
2024-12-01,Metformin,14
2024-12-01,Amlodipine,15
2024-12-01,Pantoprazole,8
2024-12-01,Loratadine,26
2024-12-01,Ciprofloxacin,7
2024-12-02,Paracetamol,21
2024-12-02,Ibuprofen,4
2024-12-02,Amoxicillin,4
2024-12-02,Cetirizine,20
2024-12-02,Azithromycin,7
2024-12-02,Metformin,20
2024-12-02,Amlodipine,13
2024-12-02,Pantoprazole,15
2024-12-02,Loratadine,26
2024-12-02,Ciprofloxacin,10
2024-12-03,Paracetamol,24
2024-12-03,Ibuprofen,6
2024-12-03,Amoxicillin,14
2024-12-03,Cetirizine,30
2024-12-03,Azithromycin,4
2024-12-03,Metformin,11
2024-12-03,Amlodipine,14
2024-12-03,Pantoprazole,12
2024-12-03,Loratadine,26
2024-12-03,Ciprofloxacin,7
2024-12-04,Paracetamol,31
2024-12-04,Ibuprofen,13
2024-12-04,Amoxicillin,10
2024-12-04,Cetirizine,28
2024-12-04,Azithromycin,13
2024-12-04,Metformin,13
2024-12-04,Amlodipine,12
2024-12-04,Pantoprazole,15
2024-12-04,Loratadine,27
2024-12-04,Ciprofloxacin,10
2024-12-05,Paracetamol,20
2024-12-05,Ibuprofen,7
2024-12-05,Amoxicillin,9
2024-12-05,Cetirizine,24
2024-12-05,Azithromycin,15
2024-12-05,Metformin,10
2024-12-05,Amlodipine,16
2024-12-05,Pantoprazole,19
2024-12-05,Loratadine,31
2024-12-05,Ciprofloxacin,8
2024-12-06,Paracetamol,26
2024-12-06,Ibuprofen,11
2024-12-06,Amoxicillin,10
2024-12-06,Cetirizine,24
2024-12-06,Azithromycin,11
2024-12-06,Metformin,7
2024-12-06,Amlodipine,17
2024-12-06,Pantoprazole,15
2024-12-06,Loratadine,24
2024-12-06,Ciprofloxacin,16
2024-12-07,Paracetamol,22
2024-12-07,Ibuprofen,8
2024-12-07,Amoxicillin,15
2024-12-07,Cetirizine,22
2024-12-07,Azithromycin,8
2024-12-07,Metformin,14
2024-12-07,Amlodipine,17
2024-12-07,Pantoprazole,15
2024-12-07,Loratadine,21
2024-12-07,Ciprofloxacin,8
2024-12-08,Paracetamol,23
2024-12-08,Ibuprofen,9
2024-12-08,Amoxicillin,11
2024-12-08,Cetirizine,26
2024-12-08,Azithromycin,4
2024-12-08,Metformin,18
2024-12-08,Amlodipine,15
2024-12-08,Pantoprazole,19
2024-12-08,Loratadine,26
2024-12-08,Ciprofloxacin,13
2024-12-09,Paracetamol,26
2024-12-09,Ibuprofen,14
2024-12-09,Amoxicillin,11
2024-12-09,Cetirizine,24
2024-12-09,Azithromycin,16
2024-12-09,Metformin,17
2024-12-09,Amlodipine,16
2024-12-09,Pantoprazole,11
2024-12-09,Loratadine,21
2024-12-09,Ciprofloxacin,10
2024-12-10,Paracetamol,25
2024-12-10,Ibuprofen,8
2024-12-10,Amoxicillin,10
2024-12-10,Cetirizine,29
2024-12-10,Azithromycin,12
2024-12-10,Metformin,11
2024-12-10,Amlodipine,14
2024-12-10,Pantoprazole,12
2024-12-10,Loratadine,23
2024-12-10,Ciprofloxacin,8
2024-12-11,Paracetamol,23
2024-12-11,Ibuprofen,6
2024-12-11,Amoxicillin,9
2024-12-11,Cetirizine,23
2024-12-11,Azithromycin,1
2024-12-11,Metformin,21
2024-12-11,Amlodipine,18
2024-12-11,Pantoprazole,13
2024-12-11,Loratadine,25
2024-12-11,Ciprofloxacin,6
2024-12-12,Paracetamol,30
2024-12-12,Ibuprofen,15
2024-12-12,Amoxicillin,10
2024-12-12,Cetirizine,28
2024-12-12,Azithromycin,10
2024-12-12,Metformin,10
2024-12-12,Amlodipine,13
2024-12-12,Pantoprazole,15
2024-12-12,Loratadine,23
2024-12-12,Ciprofloxacin,9
2024-12-13,Paracetamol,24
2024-12-13,Ibuprofen,9
2024-12-13,Amoxicillin,10
2024-12-13,Cetirizine,21
2024-12-13,Azithromycin,7
2024-12-13,Metformin,11
2024-12-13,Amlodipine,17
2024-12-13,Pantoprazole,8
2024-12-13,Loratadine,28
2024-12-13,Ciprofloxacin,14
2024-12-14,Paracetamol,24
2024-12-14,Ibuprofen,2
2024-12-14,Amoxicillin,8
2024-12-14,Cetirizine,24
2024-12-14,Azithromycin,6
2024-12-14,Metformin,13
2024-12-14,Amlodipine,19
2024-12-14,Pantoprazole,16
2024-12-14,Loratadine,22
2024-12-14,Ciprofloxacin,5
2024-12-15,Paracetamol,24
2024-12-15,Ibuprofen,9
2024-12-15,Amoxicillin,11
2024-12-15,Cetirizine,23
2024-12-15,Azithromycin,11
2024-12-15,Metformin,20
2024-12-15,Amlodipine,17
2024-12-15,Pantoprazole,14
2024-12-15,Loratadine,24
2024-12-15,Ciprofloxacin,8
2024-12-16,Paracetamol,28
2024-12-16,Ibuprofen,8
2024-12-16,Amoxicillin,10
2024-12-16,Cetirizine,25
2024-12-16,Azithromycin,8
2024-12-16,Metformin,10
2024-12-16,Amlodipine,15
2024-12-16,Pantoprazole,14
2024-12-16,Loratadine,26
2024-12-16,Ciprofloxacin,8
2024-12-17,Paracetamol,28
2024-12-17,Ibuprofen,7
2024-12-17,Amoxicillin,15
2024-12-17,Cetirizine,19
2024-12-17,Azithromycin,11
2024-12-17,Metformin,16
2024-12-17,Amlodipine,12
2024-12-17,Pantoprazole,16
2024-12-17,Loratadine,28
2024-12-17,Ciprofloxacin,3
2024-12-18,Paracetamol,26
2024-12-18,Ibuprofen,2
2024-12-18,Amoxicillin,7
2024-12-18,Cetirizine,29
2024-12-18,Azithromycin,8
2024-12-18,Metformin,11
2024-12-18,Amlodipine,14
2024-12-18,Pantoprazole,21
2024-12-18,Loratadine,19
2024-12-18,Ciprofloxacin,6
2024-12-19,Paracetamol,29
2024-12-19,Ibuprofen,15
2024-12-19,Amoxicillin,9
2024-12-19,Cetirizine,21
2024-12-19,Azithromycin,16
2024-12-19,Metformin,19
2024-12-19,Amlodipine,17
2024-12-19,Pantoprazole,12
2024-12-19,Loratadine,24
2024-12-19,Ciprofloxacin,9
2024-12-20,Paracetamol,25
2024-12-20,Ibuprofen,14
2024-12-20,Amoxicillin,12
2024-12-20,Cetirizine,21
2024-12-20,Azithromycin,14
2024-12-20,Metformin,15
2024-12-20,Amlodipine,17
2024-12-20,Pantoprazole,19
2024-12-20,Loratadine,21
2024-12-20,Ciprofloxacin,9
2024-12-21,Paracetamol,23
2024-12-21,Ibuprofen,5
2024-12-21,Amoxicillin,11
2024-12-21,Cetirizine,32
2024-12-21,Azithromycin,4
2024-12-21,Metformin,14
2024-12-21,Amlodipine,16
2024-12-21,Pantoprazole,15
2024-12-21,Loratadine,24
2024-12-21,Ciprofloxacin,6
2024-12-22,Paracetamol,25
2024-12-22,Ibuprofen,7
2024-12-22,Amoxicillin,3
2024-12-22,Cetirizine,28
2024-12-22,Azithromycin,12
2024-12-22,Metformin,15
2024-12-22,Amlodipine,15
2024-12-22,Pantoprazole,18
2024-12-22,Loratadine,25
2024-12-22,Ciprofloxacin,12
2024-12-23,Paracetamol,24
2024-12-23,Ibuprofen,13
2024-12-23,Amoxicillin,10
2024-12-23,Cetirizine,25
2024-12-23,Azithromycin,6
2024-12-23,Metformin,15
2024-12-23,Amlodipine,12
2024-12-23,Pantoprazole,13
2024-12-23,Loratadine,22
2024-12-23,Ciprofloxacin,6
2024-12-24,Paracetamol,31
2024-12-24,Ibuprofen,13
2024-12-24,Amoxicillin,15
2024-12-24,Cetirizine,21
2024-12-24,Azithromycin,10
2024-12-24,Metformin,11
2024-12-24,Amlodipine,12
2024-12-24,Pantoprazole,12
2024-12-24,Loratadine,28
2024-12-24,Ciprofloxacin,8
2024-12-25,Paracetamol,28
2024-12-25,Ibuprofen,11
2024-12-25,Amoxicillin,16
2024-12-25,Cetirizine,20
2024-12-25,Azithromycin,13
2024-12-25,Metformin,18
2024-12-25,Amlodipine,12
2024-12-25,Pantoprazole,18
2024-12-25,Loratadine,26
2024-12-25,Ciprofloxacin,9
2024-12-26,Paracetamol,22
2024-12-26,Ibuprofen,7
2024-12-26,Amoxicillin,16
2024-12-26,Cetirizine,25
2024-12-26,Azithromycin,12
2024-12-26,Metformin,12
2024-12-26,Amlodipine,12
2024-12-26,Pantoprazole,18
2024-12-26,Loratadine,20
2024-12-26,Ciprofloxacin,8
2024-12-27,Paracetamol,25
2024-12-27,Ibuprofen,10
2024-12-27,Amoxicillin,9
2024-12-27,Cetirizine,26
2024-12-27,Azithromycin,12
2024-12-27,Metformin,17
2024-12-27,Amlodipine,12
2024-12-27,Pantoprazole,14
2024-12-27,Loratadine,28
2024-12-27,Ciprofloxacin,12
2024-12-28,Paracetamol,20
2024-12-28,Ibuprofen,11
2024-12-28,Amoxicillin,4
2024-12-28,Cetirizine,25
2024-12-28,Azithromycin,15
2024-12-28,Metformin,12
2024-12-28,Amlodipine,12
2024-12-28,Pantoprazole,17
2024-12-28,Loratadine,20
2024-12-28,Ciprofloxacin,8
2024-12-29,Paracetamol,26
2024-12-29,Ibuprofen,8
2024-12-29,Amoxicillin,9
2024-12-29,Cetirizine,27
2024-12-29,Azithromycin,11
2024-12-29,Metformin,15
2024-12-29,Amlodipine,13
2024-12-29,Pantoprazole,16
2024-12-29,Loratadine,24
2024-12-29,Ciprofloxacin,11
2024-12-30,Paracetamol,23
2024-12-30,Ibuprofen,9
2024-12-30,Amoxicillin,7
2024-12-30,Cetirizine,24
2024-12-30,Azithromycin,7
2024-12-30,Metformin,11
2024-12-30,Amlodipine,15
2024-12-30,Pantoprazole,15
2024-12-30,Loratadine,27
2024-12-30,Ciprofloxacin,8
2024-12-31,Paracetamol,26
2024-12-31,Ibuprofen,11
2024-12-31,Amoxicillin,11
2024-12-31,Cetirizine,22
2024-12-31,Azithromycin,10
2024-12-31,Metformin,16
2024-12-31,Amlodipine,15
2024-12-31,Pantoprazole,8
2024-12-31,Loratadine,25
2024-12-31,Ciprofloxacin,16
